buy_ratio,buy_count_ratio,price_change_pct,trade_count,total_volume,whale_amount,whale_side_bid,hour,price_volatility,label_1m,label_5m,label_30m,coin,timestamp
0.564413484827448,0.5260416666666666,-0.21856950708125641,960,7.60715976,100891000.0,1,21,0.0860573111387,1,0,1,KRW-BTC,2026-03-27 21:31:29.697000
0.786911631008698,0.6802507836990596,0.20017044215866975,638,6.67485575,183625671.13016,1,22,0.03668343607399583,1,1,0,KRW-BTC,2026-03-27 22:01:37.458000
0.29181439992424607,0.5900621118012422,0.01683651741589169,644,5.79512136,255078332.20232,1,22,0.023762256455171993,1,1,0,KRW-BTC,2026-03-27 22:20:44.001000
0.6649780224077134,0.6075353218210361,0.17527876255174188,637,9.24331918,112176527.13223,0,22,0.04945569111667495,0,0,0,KRW-BTC,2026-03-27 22:22:07.767000
0.6807444025006593,0.5353982300884956,-0.24837467963624488,904,13.50690295,147083520.49836,1,22,0.13010576284729525,1,0,0,KRW-BTC,2026-03-27 22:32:42.768000
0.713705268145481,0.5364238410596026,-0.24837467963624488,906,15.06517845,129516306.86112,1,22,0.1303585048089513,1,0,0,KRW-BTC,2026-03-27 22:32:42.849000
0.6622611539502227,0.5004608294930876,-0.40067273446774837,1085,19.74858643,240592643.3867,0,22,0.16674976565341662,0,1,0,KRW-BTC,2026-03-27 22:35:06.018000
0.5273766492686641,0.47728726807421623,-0.4460268011669881,1563,31.56340443,125876910.43064,1,22,0.19262144814066928,1,1,1,KRW-BTC,2026-03-27 22:37:50.489000
0.5476640559326869,0.4849056603773585,-0.3905284492560186,1590,33.03835993,102433378.35249999,1,22,0.18810757337907638,1,1,1,KRW-BTC,2026-03-27 22:38:00.591000
0.5712172704256969,0.48602673147023084,-0.2372948388372553,1646,35.3909243,285042500.0,0,22,0.18509437087005656,1,1,0,KRW-BTC,2026-03-27 22:38:12.759000
0.3436075532759471,0.39875872769588827,-0.4875925980872128,1289,13.6019705,100799999.49768,1,22,0.15898889808198685,0,0,0,KRW-BTC,2026-03-27 22:53:33.768000
0.4206031254249391,0.4131396083385976,-0.508451011936682,1583,16.90841573,103061338.19999999,0,23,0.18570327386416494,0,0,1,KRW-BTC,2026-03-27 23:22:22.748000
0.3965395512421788,0.4128787878787879,-0.508451011936682,1584,17.93711573,113237578.86728,0,23,0.18576757344552336,0,0,1,KRW-BTC,2026-03-27 23:22:23.268000
0.44643522068772434,0.44244408074195307,-0.5219985085756897,1833,24.59550751,100080000.0,1,23,0.21734748401523737,1,0,1,KRW-BTC,2026-03-27 23:24:04.707000
0.6294040093313487,0.6164921465968587,0.2916878939534698,764,15.14600065,100400000.0,1,23,0.09717691116236025,0,1,0,KRW-BTC,2026-03-27 23:53:20.177000
0.3791949443951541,0.41717049576783555,-0.1034373010821133,827,11.02267907,140214049.0322,1,0,0.05615053789924633,1,1,1,KRW-BTC,2026-03-28 00:08:02.397000
0.5005339820117721,0.5679245283018868,-0.06261989722385122,530,7.21325448,100544000.0,1,0,0.02993498959335169,0,1,1,KRW-BTC,2026-03-28 00:19:27.167000
0.45187513673358226,0.49201277955271566,-0.32803180914512925,626,8.95169445,116191307.77720001,1,0,0.1407646752145047,1,1,1,KRW-BTC,2026-03-28 00:23:40.127000
0.4526015847551079,0.5315985130111525,0.42738440742654954,807,15.78533357,128971177.5,0,0,0.13068394878267342,0,0,0,KRW-BTC,2026-03-28 00:38:05.687000
0.2776397324149613,0.39231824417009603,-0.47559946383358986,729,6.04935714,200474000.0,1,1,0.11563717509965664,1,0,0,KRW-BTC,2026-03-28 01:01:59.770000
0.3499922621237751,0.37662337662337664,-0.11176306230790724,539,6.5550964,137197984.924,1,1,0.11030557961096209,1,1,1,KRW-BTC,2026-03-28 01:26:03.801000
0.12416593794424327,0.41335740072202165,-0.14279580200313552,1108,10.73346108,180835207.0,0,2,0.0757030067238692,1,0,0,KRW-BTC,2026-03-28 02:44:26.137000
0.594010185324605,0.7706093189964157,0.23796668466414703,279,1.9187917,100271099.52876,1,3,0.06255367151985716,1,1,0,KRW-BTC,2026-03-28 03:37:03.357000
0.6372000076578798,0.68,-0.004983206593778965,200,1.58390479,156744276.01524,0,4,0.02405981460913608,0,1,0,KRW-BTC,2026-03-28 04:51:28.187000
0.31357362543090256,0.578698224852071,-0.0924361395487526,845,8.33853469,108481612.2624,1,10,0.04439470511008792,1,1,1,KRW-BTC,2026-03-28 10:46:13.381000
0.613957897319309,0.6046128500823723,-0.19883087445818587,607,4.01408091,277917909.58935,1,11,0.08606824869450179,1,0,0,KRW-BTC,2026-03-28 11:19:04.847000
0.7627179338820785,0.8173076923076923,0.028924507036634385,520,2.64395781,150907530.3756,1,12,0.008846192906791358,1,1,1,KRW-BTC,2026-03-28 12:01:24.317000
0.7902605333458462,0.8080808080808081,0.19801980198019803,297,2.14338355,259117650.46992,1,13,0.07945750827849052,1,0,1,KRW-BTC,2026-03-28 13:23:07.818000
0.23299261101208937,0.4228855721393035,-0.06651246364150774,402,4.85386904,120798000.0,1,13,0.020287583456433177,0,1,1,KRW-BTC,2026-03-28 13:59:53.727000
0.4374801745030179,0.7733644859813084,0.007946914610402511,428,2.66545955,100676000.0,1,18,0.027194581289498077,0,0,0,KRW-BTC,2026-03-28 18:21:03.158000
0.6493616180537779,0.6366366366366366,-0.06373422826812193,333,1.74748596,100354000.0,1,19,0.02993537956705915,1,1,1,KRW-BTC,2026-03-28 19:44:02.867000
0.5784659256428889,0.7181528662420382,-0.13703935412756577,628,4.52695287,200375779.26872,1,21,0.07934882489507772,1,1,1,KRW-BTC,2026-03-28 21:09:36.857000
0.7182739166566049,0.6538060479666319,0.6377816291161178,959,18.80803673,101615000.0,0,22,0.2543663313564786,0,0,0,KRW-BTC,2026-03-28 22:42:34.117000
0.6262729665943213,0.609935602575897,0.4928936220752999,1087,22.88827074,191806400.04962,0,22,0.21380979029947614,0,0,0,KRW-BTC,2026-03-28 22:45:28.838000
0.5785137610676148,0.609375,0.4928936220752999,1088,24.77735617,170968411.7292,0,22,0.21372155340372614,0,0,0,KRW-BTC,2026-03-28 22:45:28.857000
0.5684253693400952,0.6159420289855072,-0.06409497889796079,276,2.22042924,101403781.68369,1,23,0.04428356405425534,0,0,0,KRW-BTC,2026-03-28 23:34:39.547000
0.5790987577336782,0.46779661016949153,0.139153433931726,295,4.63813175,380764744.88916,0,23,0.094455351196545,0,0,0,KRW-BTC,2026-03-28 23:45:05.487000
0.319311588235504,0.49122807017543857,0.17771108127320115,285,8.35992633,102155069.25372002,1,23,0.10106830125964422,0,0,0,KRW-BTC,2026-03-28 23:45:35.227000
0.879988351230389,0.7112676056338029,0.0612515065894766,142,2.41259914,142435404.87998,1,0,0.027730174282713214,1,1,1,KRW-BTC,2026-03-29 00:12:45.297000
0.924190634249314,0.7132867132867133,0.06421528916638675,143,3.8188546800000003,109112964.36388001,1,0,0.027853855584249562,1,1,1,KRW-BTC,2026-03-29 00:12:45.308000
0.8591094651411515,0.7417721518987341,0.6319988940019355,395,8.95076197,213013157.95984,0,0,0.18991168281308682,0,0,0,KRW-BTC,2026-03-29 00:20:28.808000
0.6003527398170221,0.6195652173913043,-0.009843004084846695,552,11.37734688,113228711.3023,0,0,0.10056052722483312,0,1,0,KRW-BTC,2026-03-29 00:29:09.338000
0.5797771847603919,0.6475507765830346,-0.5154435579429655,837,4.71433907,154184214.5228,1,8,0.19638528469372346,1,0,1,KRW-BTC,2026-03-29 08:12:30.617000
0.6837077507183787,0.6487455197132617,-0.5055691602812228,837,6.2350278,107909845.9692,1,8,0.19651632739245908,1,0,1,KRW-BTC,2026-03-29 08:12:30.717000
0.7300371516160923,0.649164677804296,-0.5055691602812228,838,7.30598697,175858654.796,1,8,0.19666390778812415,1,0,1,KRW-BTC,2026-03-29 08:12:30.817000
0.6575521723133665,0.735224586288416,0.051539750032212346,423,1.73225901,126779221.08034,1,9,0.010237775707338068,1,1,1,KRW-BTC,2026-03-29 09:49:45.247000
0.7406369756301476,0.8311897106109325,-0.022747502719810107,622,2.24146165,121717971.17787999,1,10,0.029572218035546244,1,1,0,KRW-BTC,2026-03-29 10:16:04.143000
0.7573944030504123,0.7419354838709677,-0.03559105873513332,279,1.62170818,236604418.98887,0,11,0.02125158764766564,1,1,1,KRW-BTC,2026-03-29 11:31:21.936000
0.5650760982700099,0.7679180887372014,-0.06912214871136566,293,0.70239117,101398551.364,0,14,0.03905221259495186,0,1,0,KRW-BTC,2026-03-29 14:16:15.599000
0.5292172822570533,0.7777777777777778,0.028658108762463805,162,1.01604762,111364444.4,0,14,0.013423225817814846,1,1,1,KRW-BTC,2026-03-29 14:48:56.886000
0.14192748141249822,0.634375,-0.025672166434629776,320,3.07523246,238389453.04048002,0,17,0.02436288161329867,0,0,0,KRW-BTC,2026-03-29 17:02:37.237000
0.4329723365164515,0.7542372881355932,-0.06921783842578859,354,1.10015526,151585500.0,0,19,0.04097176814903193,0,0,0,KRW-BTC,2026-03-29 19:05:53.544000
0.6567826314123077,0.7754777070063694,-0.1576991691225027,628,2.39224223,143574648.703,1,22,0.057942604951346434,0,0,0,KRW-BTC,2026-03-29 22:08:04.147000
0.3268321536475486,0.44963144963144963,-0.24726280079519716,407,3.5044239200000002,182012663.4407,1,0,0.08833872898012299,1,1,1,KRW-BTC,2026-03-30 00:30:04.577000
0.579193978440843,0.45365853658536587,-0.2195693671061351,410,5.60721276,222330974.3631,1,0,0.08810144776727345,1,1,1,KRW-BTC,2026-03-30 00:30:04.696000
0.9368419358832254,0.744,0.0594118229527676,125,3.24043107,121260000.0,1,1,0.025147122298031854,1,1,0,KRW-BTC,2026-03-30 01:18:45.827000
0.6280464724320253,0.9580573951434879,0.12683313515655964,453,1.10810077,179113306.39016,1,5,0.04253757583209421,1,1,1,KRW-BTC,2026-03-30 05:07:20.330000
0.24668163148132352,0.38087520259319285,-0.9774532791183134,1234,12.53487105,163683476.5406,1,7,0.270547899367399,1,0,1,KRW-BTC,2026-03-30 07:44:10.918000
0.20347342491822565,0.24303350970017637,-1.089400136670199,2835,41.06463472,119847600.0,1,7,0.2798884291316605,0,0,1,KRW-BTC,2026-03-30 07:46:11.027000
0.23007894060983783,0.24449108079748164,-1.0883989938003844,2859,42.94406761,234103524.35,1,7,0.27949762666390254,0,0,1,KRW-BTC,2026-03-30 07:46:15.977000
0.2725317367246361,0.24528301886792453,-1.0883989938003844,2862,45.4545704,148061363.66,1,7,0.2794588775401272,0,0,1,KRW-BTC,2026-03-30 07:46:16.198000
0.38185126430128447,0.36593963428067855,-0.6500368885964387,4539,72.95188937,119594400.0,0,7,0.29783214675021247,1,1,1,KRW-BTC,2026-03-30 07:51:35.967000
0.4001425471609902,0.3846989784829385,-0.36706764817363896,4601,75.71891922,110400158.331,1,7,0.27136987713231653,1,1,1,KRW-BTC,2026-03-30 07:52:41.332000
0.6371747308521948,0.7058125741399762,-0.252932624325347,843,5.14990002,120201600.0,1,8,0.05104429360752767,1,1,1,KRW-BTC,2026-03-30 08:36:20.357000
0.7334106742561626,0.7213638785295685,1.1853018582024084,1877,22.70026322,108606124.0,1,9,0.5642738734076183,0,0,0,KRW-BTC,2026-03-30 09:21:06.417000
0.7401623913291195,0.720510095642933,1.3079192918095541,1882,23.95189754,121948800.0,0,9,0.5653150778090742,0,0,0,KRW-BTC,2026-03-30 09:21:06.907000
0.6225178265178392,0.6716264751154438,0.9218428876429156,1949,29.55532094,121389600.0,0,9,0.5199692223489045,1,1,0,KRW-BTC,2026-03-30 09:25:36.157000
0.6358871721325667,0.7138157894736842,0.29832935560859186,608,4.00056459,203334108.27625,1,10,0.10669796354469006,1,1,1,KRW-BTC,2026-03-30 10:01:47.597000
0.7374741264658005,0.6847290640394089,0.1820441799692678,609,6.84637867,284862271.89159995,0,14,0.08182716942366015,0,0,1,KRW-BTC,2026-03-30 14:02:59.757000
0.5241887443841854,0.6836065573770492,0.1820441799692678,610,9.62935107,143359301.76805,0,14,0.08182419186701248,0,0,1,KRW-BTC,2026-03-30 14:02:59.867000
0.748965466143295,0.6710526315789473,0.004898838975162886,228,1.82863248,116236617.84120001,1,16,0.02426113233648918,1,1,1,KRW-BTC,2026-03-30 16:47:56.676000
0.7853207579995983,0.7655786350148368,0.3030806683417577,674,7.91015899,101611690.15038,1,17,0.09538326213256065,1,0,0,KRW-BTC,2026-03-30 17:05:17.929000
0.6685349066288334,0.734920634920635,0.03602726387536514,630,5.37335096,205476000.0,1,17,0.04524314362521012,0,0,0,KRW-BTC,2026-03-30 17:16:04.595000
0.7234980267841398,0.7051926298157454,0.017530020159523183,597,7.44150565,161908924.33053,0,17,0.05163269715994857,0,0,0,KRW-BTC,2026-03-30 17:17:02.756000
0.5865030332721967,0.6600719424460432,0.03704931458768013,556,8.98840413,140586486.4939,0,17,0.04968278720314363,1,0,0,KRW-BTC,2026-03-30 17:19:01.935000
0.5792583901384695,0.5914893617021276,0.270711374764227,705,9.24973594,145939768.73999998,0,20,0.12896366251352206,0,0,0,KRW-BTC,2026-03-30 20:31:04.145000
0.2250416363613006,0.46808510638297873,-0.07904752610520152,564,9.25246852,175140803.60924,0,20,0.06170580258902481,0,1,1,KRW-BTC,2026-03-30 20:38:56.055000
0.6729965483754164,0.7971014492753623,0.09360739498420376,552,6.6636805500000005,256552913.4806,1,21,0.04219418836292288,1,1,1,KRW-BTC,2026-03-30 21:04:56.196000
0.5308426342624994,0.6294326241134752,0.1605292601060466,564,7.85961702,123540000.0,0,21,0.031858374047784646,1,0,0,KRW-BTC,2026-03-30 21:22:21.116000
0.39672869824294604,0.6303236797274276,0.1089070400622326,587,9.27435503,102950000.0,0,21,0.060002101290752285,0,0,0,KRW-BTC,2026-03-30 21:24:58.227000
0.5776338817391301,0.5946372239747634,-0.2450313095562211,634,9.88039217,285510709.5904,1,22,0.11154036725714975,1,0,0,KRW-BTC,2026-03-30 22:45:09.157000
0.6723114693401816,0.5978090766823161,-0.2450313095562211,639,12.73721923,100094049.97312,1,22,0.11155176209250386,1,0,0,KRW-BTC,2026-03-30 22:45:09.456000
0.5913130826190098,0.56797583081571,-0.019527436047646944,331,6.19303401,150214261.76,0,23,0.05096111312010166,0,0,0,KRW-BTC,2026-03-30 23:19:21.846000
0.7797510388120664,0.6026936026936027,0.397798911184307,297,2.6250189600000002,288817318.83891,1,0,0.12823002206376674,1,1,0,KRW-BTC,2026-03-31 00:36:45.876000
0.6328694028491598,0.553763440860215,-0.24153413130496604,186,0.9165865,145748363.84181002,0,1,0.07196886688756574,0,0,0,KRW-BTC,2026-03-31 01:01:13.876000
0.16755899156414153,0.7225548902195609,-0.30066498868833674,501,1.17830539,126918718.368,0,2,0.07666893881455505,0,0,0,KRW-BTC,2026-03-31 02:19:26.215000
0.689941882953303,0.75,-0.18704469383736955,456,1.52272427,195770121.4997,1,3,0.05951366369255668,1,0,0,KRW-BTC,2026-03-31 03:14:13.676000
0.17484895438021578,0.532520325203252,-0.1273168709658317,246,3.37364567,110958703.89866,1,3,0.055365504400245305,1,0,0,KRW-BTC,2026-03-31 03:59:16.006000
0.5335182781705292,0.6745283018867925,-0.0039645961563240266,212,2.93220882,115492186.0197,1,4,0.042304797864074706,1,1,1,KRW-BTC,2026-03-31 04:47:47.066000
0.3039392252644458,0.7772511848341233,-0.06316121901152692,211,0.86911613,134596149.37759998,1,5,0.0522805999603668,1,1,1,KRW-BTC,2026-03-31 05:38:23.316000
0.742035768212598,0.8672032193158954,0.1831231355406563,497,3.30703633,210677177.23168,0,6,0.0611720466097419,0,0,0,KRW-BTC,2026-03-31 06:25:19.445000
0.5624332091766804,0.8284734133790738,-0.16344052143433827,583,3.59021099,159273091.77,1,7,0.1150046652368026,1,1,1,KRW-BTC,2026-03-31 07:11:52.805000
0.3983406764824255,0.6696329254727474,-0.4211169955718611,899,4.89253136,138725005.31,1,8,0.15338644395673245,1,1,1,KRW-BTC,2026-03-31 08:06:19.366000
0.7659441199259358,0.863849765258216,0.06118139296216622,426,2.87760546,116555786.49000001,1,8,0.023818428926414763,0,0,1,KRW-BTC,2026-03-31 08:36:15.556000
0.7911136241763406,0.6697848456501403,0.4190094890439322,1069,12.40419936,139670826.75108,0,9,0.20746077105590469,0,0,1,KRW-BTC,2026-03-31 09:50:09.068000
0.7495086297115131,0.792814371257485,0.3389664462405094,835,11.70708024,106655454.39505,0,10,0.10244262899183369,0,1,1,KRW-BTC,2026-03-31 10:17:03.786000
0.7214562195555678,0.6926829268292682,0.5252470027726793,1230,19.36402495,123534000.0,0,10,0.2148621613648264,0,0,1,KRW-BTC,2026-03-31 10:26:56.366000
0.6671771697189535,0.6915584415584416,0.5047447963447494,1232,20.93766223,112337647.23915002,0,10,0.21485736141907413,0,0,1,KRW-BTC,2026-03-31 10:26:56.486000
0.6512816113491091,0.6061120543293718,0.10475571549123641,589,8.09349646,102678382.0388,1,10,0.06640523820232845,1,1,1,KRW-BTC,2026-03-31 10:55:27.747000
0.5858357368382622,0.7214170692431562,0.08055358754622126,621,5.45782581,100614828.1875,1,11,0.05879523079108795,1,1,1,KRW-BTC,2026-03-31 11:15:07.210000
0.6614508195844351,0.7041322314049587,-0.07454161745629151,605,7.92452987,129433677.36,0,11,0.0828401324523146,0,1,1,KRW-BTC,2026-03-31 11:39:17.596000
0.6046355330663987,0.625,-0.1588285426512745,472,5.17200603,101803507.73076,1,12,0.08586599572930308,1,1,1,KRW-BTC,2026-03-31 12:41:58.276000
0.5758687438841018,0.6074561403508771,0.11936764263462826,456,9.25542848,152715824.07354,1,12,0.05872181530226226,1,1,1,KRW-BTC,2026-03-31 12:50:31.361000
0.5404076207591383,0.6779935275080906,-0.13465077981207013,618,6.00151375,100577093.51200001,1,13,0.050936526255901976,1,1,1,KRW-BTC,2026-03-31 13:04:17.895000
0.6977947659767262,0.7442455242966752,0.21042424242424243,391,7.11283191,124010400.0,1,13,0.07015722656590413,1,0,0,KRW-BTC,2026-03-31 13:20:32.136000
0.6036719867406896,0.6040609137055838,-0.04658837231874211,394,6.3480533900000005,154194948.6,1,13,0.047374889177299886,0,1,1,KRW-BTC,2026-03-31 13:39:58.786000
0.6744410377924449,0.6498800959232613,-0.12221618685497011,417,7.5971492,141789690.0,1,13,0.05295992195739088,1,1,1,KRW-BTC,2026-03-31 13:42:14.055000
0.8396441579385991,0.7310924369747899,-0.09408523928689208,357,3.80505568,111736980.90191999,1,13,0.04804727362993389,0,0,1,KRW-BTC,2026-03-31 13:57:33.036000
0.4135219379917616,0.6006546644844517,-0.3467521209346723,611,7.9142247,147415491.87992,0,16,0.09288076003969192,0,1,1,KRW-BTC,2026-03-31 16:18:03.495000
0.3441127083007634,0.5938511326860841,-0.3584334122276442,618,9.51266501,125658767.685,0,16,0.09352771716984361,0,1,1,KRW-BTC,2026-03-31 16:18:05.206000
0.568632305549362,0.655417406749556,0.1168781837130251,563,3.5803686,148550482.83282998,0,17,0.08243329038939341,0,0,0,KRW-BTC,2026-03-31 17:07:39.516000
0.3502306527924848,0.4096742349457058,-0.5730631052796001,1013,11.93739603,335729246.33021,1,17,0.16810639953909912,1,1,0,KRW-BTC,2026-03-31 17:46:35.016000
0.42347333086197514,0.4385026737967914,-0.3546656711139057,935,15.20075601,154925975.0915,1,18,0.11788546170256244,0,0,0,KRW-BTC,2026-03-31 18:24:26.206000
0.3983632557295146,0.4277511961722488,-0.4420736199935163,1045,20.43883473,139854731.43939,0,18,0.10655965795852942,0,1,0,KRW-BTC,2026-03-31 18:26:44.205000
0.3127705443110396,0.4057971014492754,-0.12118226600985223,621,7.11259574,139705282.62967,0,18,0.05568139284784381,1,0,1,KRW-BTC,2026-03-31 18:53:33.726000
0.16274219768104037,0.3303303303303303,-0.45436177447492143,999,12.83452237,121200000.0,0,18,0.1634862547701194,1,1,1,KRW-BTC,2026-03-31 18:56:42.666000
0.12282067849522026,0.3046237533998187,-0.47923795249036105,1103,16.58232414,121112400.0,1,18,0.1750510213642021,1,1,1,KRW-BTC,2026-03-31 18:56:51.816000
0.2817828825163813,0.34123624047417445,-0.5164342384073326,1181,20.33014923,160863663.00452,1,18,0.18629954341752064,1,1,1,KRW-BTC,2026-03-31 18:57:28.416000
0.3130447490984812,0.5527777777777778,-0.13887931289213706,360,3.95511538,131446322.43452,1,19,0.04925794071262855,1,1,1,KRW-BTC,2026-03-31 19:36:51.788000
0.3019543946515393,0.7008403361344537,-0.14624618434871373,595,2.86094955,150596036.5014,0,21,0.04703353581751254,0,1,1,KRW-BTC,2026-03-31 21:11:09.806000
0.1990648970965611,0.6996644295302014,-0.14624618434871373,596,4.34124165,283190984.361,0,21,0.04730221617177319,0,1,1,KRW-BTC,2026-03-31 21:11:09.846000
0.11147405179053008,0.6961602671118531,-0.14624618434871373,599,7.75476329,214251802.98266,0,21,0.048087968130169065,0,1,1,KRW-BTC,2026-03-31 21:11:09.917000
0.08763340560545319,0.6938435940099834,-0.14624618434871373,601,9.86527108,205615562.01172,0,21,0.048595582258556196,0,1,1,KRW-BTC,2026-03-31 21:11:09.966000
0.06890155099226439,0.6892561983471074,-0.14624618434871373,605,12.54810942,101689751.81404,0,21,0.049574159614625926,0,1,1,KRW-BTC,2026-03-31 21:11:10.216000
0.6232928516093421,0.6216867469879518,0.18096343358445288,415,5.06100774,179949273.72354,1,21,0.07843410106689855,1,1,0,KRW-BTC,2026-03-31 21:27:34.227000
0.43994857520902036,0.5720279720279721,0.2048878998500103,715,9.38179811,103819775.5,0,22,0.08898087987987068,1,1,1,KRW-BTC,2026-03-31 22:39:42.476000
0.36760102078486506,0.5588235294117647,0.43527278074604187,714,8.1381905,198236894.08125,0,22,0.12014766333408508,0,1,1,KRW-BTC,2026-03-31 22:43:51.716000
0.3116954111213845,0.5435967302452316,0.14291307752545027,734,12.78977562,124324342.33464,1,22,0.09120711850255031,1,1,1,KRW-BTC,2026-03-31 22:45:20.741000
0.43958777232141666,0.6710369487485102,-0.10144362075692548,839,9.89929087,126177744.0,1,22,0.11325379491053127,1,1,1,KRW-BTC,2026-03-31 22:59:05.125000
0.5162525132809559,0.6741973840665874,-0.1092373864955281,841,11.40114645,151607085.22323,1,22,0.1153888564089215,1,1,1,KRW-BTC,2026-03-31 22:59:22.376000
0.6548033501200252,0.6552901023890785,0.13158664249371307,879,16.03979324,102726000.0,0,23,0.13392832599717644,0,0,0,KRW-BTC,2026-03-31 23:03:20.756000
0.5443189313476365,0.5385674931129476,-0.06636865837709109,726,11.786845,129732633.11219999,1,23,0.15483488987697408,1,1,1,KRW-BTC,2026-03-31 23:09:33.686000
0.44764016601897827,0.4394904458598726,-0.27566586550252614,942,12.60372782,143345533.5824,1,0,0.1026164800429155,1,1,1,KRW-BTC,2026-04-01 00:00:58.296000
0.585214224219281,0.461283185840708,-0.1355359563142077,904,13.67970529,214138078.98319998,1,0,0.0765615107258193,1,1,1,KRW-BTC,2026-04-01 00:01:30.726000
0.6655462344205231,0.46416758544652703,-0.164951692718561,907,16.77899004,322400781.1752,1,0,0.07626300605469041,1,1,1,KRW-BTC,2026-04-01 00:01:31.896000
0.8682841953981251,0.6842105263157895,0.5858663437016907,532,15.2623892,170025601.93479002,1,0,0.1764027122150679,0,1,1,KRW-BTC,2026-04-01 00:07:13.576000
0.6207561513305401,0.42528735632183906,0.18938093041967993,348,4.6906973800000005,284231438.2176,0,0,0.08223080482279337,0,0,0,KRW-BTC,2026-04-01 00:40:53.916000
0.162565038381636,0.36656891495601174,0.15891389221321928,341,7.50527092,208292160.0,0,0,0.05620339741907428,1,0,0,KRW-BTC,2026-04-01 00:41:31.335000
0.1278256642253601,0.3654970760233918,0.15891389221321928,342,9.54527092,125792128.0,0,0,0.05613447236718407,1,0,0,KRW-BTC,2026-04-01 00:41:31.416000
0.9035556510957891,0.7345679012345679,0.1783998902154522,162,2.96080245,147502918.598,1,1,0.050481840018416387,1,1,1,KRW-BTC,2026-04-01 01:24:36.655000
0.21940339871989317,0.6467065868263473,-0.13391984359726294,167,2.9858371999999997,102150000.0,0,1,0.04138353055696629,0,1,1,KRW-BTC,2026-04-01 01:35:00.865000
0.5568969686569025,0.7361963190184049,0.5094009405829267,326,6.30131815,102800000.0,1,1,0.18129877600860006,1,1,0,KRW-BTC,2026-04-01 01:39:59.029000
0.6740720614141589,0.7184782608695652,0.7977007449117249,920,19.5700254,147525395.514,0,1,0.3379293793409067,0,0,1,KRW-BTC,2026-04-01 01:44:05.049000
0.6280487782575751,0.7176981541802389,0.7977007449117249,921,21.0007828,128979587.54100001,0,1,0.3378117732772167,0,0,1,KRW-BTC,2026-04-01 01:44:05.055000
0.41166815561981995,0.6308139534883721,-0.23977309278049064,344,4.57913544,116054026.33600001,0,2,0.07160428070225434,0,0,1,KRW-BTC,2026-04-01 02:53:46.655000
0.3454743033302742,0.6305555555555555,-0.23411664862017498,360,5.08411404,283157484.85734,1,3,0.14179623496261765,0,1,1,KRW-BTC,2026-04-01 03:00:18.995000
0.4831726719488312,0.6335078534031413,-0.4124553740795144,191,2.1857048,106068003.06375,1,3,0.13482516583573767,1,1,1,KRW-BTC,2026-04-01 03:26:55.277000
0.38944576205907677,0.5641025641025641,-0.1762929775007305,195,2.7379616,139859906.38325998,0,4,0.06818869050687516,0,1,1,KRW-BTC,2026-04-01 04:56:57.835000
0.19520889056198057,0.6908713692946058,0.32588863195074597,482,4.4049214999999995,209601314.42936,1,5,0.09291577852358042,1,1,1,KRW-BTC,2026-04-01 05:06:50.737000
0.4874987825528791,0.6666666666666666,0.18943257657447615,354,3.93027811,103212573.61499,0,5,0.05460613793593904,1,0,0,KRW-BTC,2026-04-01 05:56:03.135000
0.6145303184872886,0.8760806916426513,0.13921475092241942,347,2.12430512,109565753.12259999,0,6,0.05760659815161174,0,1,1,KRW-BTC,2026-04-01 06:28:15.545000
0.306272831763539,0.643979057591623,-0.15779283639883834,382,4.61042541,127553342.93763,0,7,0.06932704575670452,0,0,1,KRW-BTC,2026-04-01 07:30:41.475000
0.5216626926478862,0.7784431137724551,0.03972175395764305,501,1.72673824,133146561.69412,1,8,0.027415296917407704,0,1,1,KRW-BTC,2026-04-01 08:36:44.676000
0.7261722834763773,0.7788844621513944,0.03972175395764305,502,3.01618092,199632159.12874,1,8,0.027391263238090442,0,1,1,KRW-BTC,2026-04-01 08:36:44.807000
0.8893404350315044,0.8056112224448898,0.05717054263565892,499,7.78242718,100628992.23741,1,8,0.018908650087489324,1,1,1,KRW-BTC,2026-04-01 08:38:35.947000
0.905845381433805,0.8143712574850299,0.03875255524661157,501,8.87601287,100528413.84105,1,8,0.017742754042141,1,1,1,KRW-BTC,2026-04-01 08:38:48.515000
0.8436252783403811,0.759009009009009,-0.035832227699280454,444,12.63234165,143269681.38084,0,8,0.032335881768546966,0,1,0,KRW-BTC,2026-04-01 08:45:54.217000
0.47907029497191295,0.6958424507658644,-0.10355172747507985,457,5.80926006,139456591.65225,1,8,0.04729510759895341,1,1,0,KRW-BTC,2026-04-01 08:50:47.736000
0.29924171211301187,0.5388127853881278,-0.10190711894016596,1095,11.31908253,268286186.5638,0,9,0.0844192015065606,0,0,1,KRW-BTC,2026-04-01 09:31:34.838000
0.29963626725761205,0.5621359223300971,-0.035023543604311785,1030,13.50813606,145687907.56416,1,9,0.06368743691079984,1,1,1,KRW-BTC,2026-04-01 09:33:59.496000
0.3661176833133351,0.562560620756547,-0.035023543604311785,1031,14.92599564,137477171.9776,1,9,0.06367681245925721,1,1,1,KRW-BTC,2026-04-01 09:33:59.596000
0.2779002574361643,0.51994301994302,-0.16708924702979433,702,6.7889108899999995,102766000.0,1,10,0.09837729049477191,1,1,0,KRW-BTC,2026-04-01 10:37:07.447000
0.5610310387495804,0.6577060931899642,0.5437276090627776,1116,6.95117842,149371440.48736,0,12,0.1352324894750364,0,0,0,KRW-BTC,2026-04-01 12:10:12.928000
0.5900007890167306,0.6558823529411765,-0.04365117858182171,340,2.66860915,137444833.8504,1,13,0.025417990733583657,1,1,0,KRW-BTC,2026-04-01 13:38:22.528000
0.7728640122145074,0.7286324786324786,0.33980252618906615,468,7.7484387,150167647.149,0,14,0.11255386217929099,1,1,1,KRW-BTC,2026-04-01 14:21:30.637000
0.6507380512679076,0.7270788912579957,0.338831661828526,469,9.20143964,127327198.9665,0,14,0.11252340594473194,1,1,1,KRW-BTC,2026-04-01 14:21:30.747000
0.3522223651319939,0.5198079231692677,0.08023975251353441,833,11.52665112,140037009.35154,1,14,0.05986169518680931,1,0,0,KRW-BTC,2026-04-01 14:34:54.176000
0.4252757039730807,0.5227272727272727,0.08023975251353441,836,12.99213616,158072760.31862,1,14,0.05967535601177709,1,0,0,KRW-BTC,2026-04-01 14:34:55.766000
0.60851156764252,0.6261398176291794,0.13500482160077146,658,10.82715626,103840000.0,1,15,0.031290299751394655,1,1,1,KRW-BTC,2026-04-01 15:35:42.976000
0.6817222602117079,0.6160092807424594,0.2091183301371315,862,14.9804581,101906280.0,0,15,0.08231513098212215,0,1,1,KRW-BTC,2026-04-01 15:37:32.037000
0.5109665599291565,0.5460750853242321,-0.07205510774640445,879,7.6409615,127678971.60936,1,16,0.05604639244915354,1,0,0,KRW-BTC,2026-04-01 16:10:08.276000
0.5786276759539596,0.5465909090909091,-0.07205510774640445,880,8.86850228,105270450.54908,1,16,0.05603984818958565,1,0,0,KRW-BTC,2026-04-01 16:10:08.297000
0.18894701716837464,0.35398230088495575,-0.3623954628472556,678,9.19394028,141440472.32832,0,16,0.1049141521490864,0,0,0,KRW-BTC,2026-04-01 16:20:49.199000
0.5167114331846475,0.6348773841961853,-0.09670338171725865,734,7.058229,103300000.0,0,17,0.04833434249678214,0,0,1,KRW-BTC,2026-04-01 17:06:57.385000
0.45382206616865595,0.6340136054421769,-0.057066032169766606,735,8.0243299,137498609.564,0,17,0.05034111913617281,0,0,1,KRW-BTC,2026-04-01 17:07:25.896000
0.3076920087922017,0.4878444084278768,-0.16342239370291936,617,8.98105408,110518543.33167998,0,17,0.07304832590088332,0,1,1,KRW-BTC,2026-04-01 17:14:57.437000
0.5738629295572505,0.5079365079365079,0.16273235371039452,756,11.70209014,115001734.75262,1,21,0.1783220418769589,1,0,0,KRW-BTC,2026-04-01 21:47:31.746000
0.4521482471185826,0.6302186878727635,-0.186666408751076,503,6.10926671,127906080.0,0,22,0.03853490783071836,0,0,1,KRW-BTC,2026-04-01 22:02:50.423000
0.3299573354744094,0.6625615763546798,-0.18973311520478592,812,8.96054777,265677988.5184,1,22,0.08895786023086927,1,1,1,KRW-BTC,2026-04-01 22:08:52.996000
0.4113076420171533,0.6401446654611211,0.120786951144094,553,5.7176668,131765627.88356,0,22,0.07258906051614751,0,0,0,KRW-BTC,2026-04-01 22:39:39.268000
0.24728573310074745,0.4434673366834171,-0.443654007867851,796,14.24516672,201500359.51,0,22,0.21050929531536694,0,0,1,KRW-BTC,2026-04-01 22:43:20.023000
0.24895779487923966,0.4079295154185022,-0.4326490316211272,1135,19.3096126,134900166.9276,1,22,0.13574771648765696,1,1,1,KRW-BTC,2026-04-01 22:51:02.386000
0.48517761432989476,0.5891203703703703,0.26238812062079087,864,11.92838353,115416391.78275,0,22,0.13694836617201192,0,0,1,KRW-BTC,2026-04-01 22:57:52.826000
0.513164397775897,0.493368700265252,-0.18074967619710414,377,3.29823869,169777647.9252,0,23,0.09893518821839926,0,1,1,KRW-BTC,2026-04-01 23:34:23.996000
0.2622479447310183,0.417607223476298,-0.17121796918076554,443,6.31545613,127315107.264,1,23,0.15088273345537145,1,1,1,KRW-BTC,2026-04-01 23:38:03.469000
0.6194109147704188,0.6698412698412698,0.25159667118250434,315,6.63569801,135723944.3085,0,23,0.10307782039740206,0,0,1,KRW-BTC,2026-04-01 23:55:07.187000
0.5172052986735425,0.6677215189873418,0.24191987613702343,316,7.94590116,122839837.5762,0,23,0.10308459873148144,0,0,1,KRW-BTC,2026-04-01 23:55:07.286000
0.8675541781948296,0.7615740740740741,0.1289701636188643,432,9.865408650000001,104034000.0,0,0,0.05013686872462498,0,0,0,KRW-BTC,2026-04-02 00:59:32.645000
0.33472818440922675,0.6109785202863962,1.616961880983742,1257,16.37822028,100835319.2535,0,2,0.8156701130051156,1,1,1,KRW-BTC,2026-04-02 02:26:52.051108
0.151741728230306,0.5029527559055118,-0.1962585198433799,1016,25.70945482,107012540.62528001,0,2,0.681682726503694,1,1,0,KRW-BTC,2026-04-02 02:35:11.605000
0.2350169643358259,0.47761194029850745,-0.18896264353893116,134,0.69361983,198576416.11,1,3,0.0727208421564026,1,0,0,KRW-BTC,2026-04-02 03:52:14.205000
0.6582413480092705,0.49746192893401014,-0.15822938407028103,197,3.60650189,142467214.79736,1,3,0.06504032615698677,1,1,1,KRW-BTC,2026-04-02 03:59:01.816000
0.37029911318679115,0.6401673640167364,0.06600724138265757,239,1.2318476,127219702.91744,1,5,0.04137592652097482,0,0,0,KRW-BTC,2026-04-02 05:01:02.656000
0.6854974530417537,0.6431535269709544,0.06697793610887312,241,2.46598545,237387652.74304003,1,5,0.041228559941302985,0,0,0,KRW-BTC,2026-04-02 05:01:03.386000
0.35318187753624675,0.6253405994550408,-0.14825437738006414,734,5.4080341899999995,150027831.39381,1,8,0.06905683559161901,1,1,1,KRW-BTC,2026-04-02 08:34:22.576000
0.4903125561455733,0.6258503401360545,-0.143409463086598,735,6.86386596,132660117.62523,1,8,0.06906849568317866,1,1,1,KRW-BTC,2026-04-02 08:34:22.686000
0.6346156936306356,0.7993874425727412,-0.10363296496818371,653,2.51475956,110074331.92508,0,8,0.0562216987337036,0,0,1,KRW-BTC,2026-04-02 08:57:38.256000
0.4521944753634415,0.7952167414050823,-0.16553727008712488,669,3.9121728399999998,102758826.70482,1,8,0.060379120765404706,0,1,1,KRW-BTC,2026-04-02 08:59:51.106000
0.542815545452235,0.797037037037037,-0.1491048865737827,675,4.68848589,193120068.73977998,1,8,0.060352137879919415,0,1,1,KRW-BTC,2026-04-02 08:59:57.616000
0.39946197001158673,0.4960435212660732,-0.31111712303619393,2022,33.82357153,256969464.6384,1,10,0.2911722826041497,1,0,0,KRW-BTC,2026-04-02 10:12:24.078000
0.4500435165978693,0.49679012345679013,-0.31111712303619393,2025,36.9335396,109888483.01832,1,10,0.29095691153002096,1,0,0,KRW-BTC,2026-04-02 10:12:25.408000
0.47237217425161304,0.497283950617284,-0.3284833729445636,2025,38.48032065,127100512.0,1,10,0.29030394630754475,1,0,0,KRW-BTC,2026-04-02 10:12:37.007000
0.4973000739209074,0.49901671583087515,-0.32257441424735855,2034,40.49191173,103474616.78307,1,10,0.28899552710923326,1,0,0,KRW-BTC,2026-04-02 10:12:45.206000
0.6316426710429737,0.6,-0.07763146403237232,1390,29.24423526,112623984.47399001,0,10,0.2046427780970045,0,0,0,KRW-BTC,2026-04-02 10:17:13.719000
0.5519660043714201,0.5299198025909932,-1.0822824563946465,1621,35.08743396,177257840.2129,1,10,0.38898569735998656,1,0,0,KRW-BTC,2026-04-02 10:19:14.447000
0.5155201135149494,0.554734721289456,-0.15786704087002282,1489,26.91818124,123387587.64936,0,10,0.17289888117465552,0,0,0,KRW-BTC,2026-04-02 10:30:42.379000
0.4844555355361589,0.5477621910487642,-0.23667601683029452,1497,28.49616099,168754263.95778,0,10,0.1715547679294674,0,0,0,KRW-BTC,2026-04-02 10:30:44.705000
0.4423411333846087,0.542756183745583,-0.10368066355624676,1415,28.89093413,109606985.11476,1,10,0.14636600778304415,0,1,1,KRW-BTC,2026-04-02 10:33:19.318000
0.42969151033675596,0.5402808573540281,-0.28704490202395944,1353,30.0761401,135796040.0226,1,10,0.16250211444234053,1,0,0,KRW-BTC,2026-04-02 10:34:45.746000
0.4537967742934766,0.5406203840472673,-0.28411587241147007,1354,31.40575315,101432415.20508,1,10,0.16252745381610154,1,0,0,KRW-BTC,2026-04-02 10:34:45.879000
0.4703420773160343,0.5412979351032449,-0.28411587241147007,1356,32.38846976,133899905.31264,1,10,0.1626436035011745,1,0,0,KRW-BTC,2026-04-02 10:34:46.557000
0.49016799218101503,0.5412979351032449,-0.26853633052428055,1356,33.6501131,115114583.73636001,1,10,0.1627092773288363,1,0,0,KRW-BTC,2026-04-02 10:34:46.646000
0.4490216109053806,0.5501592356687898,-0.12435496979251325,1256,19.79144918,182987998.98000002,0,10,0.11440779371271517,1,0,0,KRW-BTC,2026-04-02 10:45:02.063000
0.4241056812514396,0.5376999238385377,-0.2219853509226572,1313,23.24199154,113004072.5125,1,10,0.11441404812943481,1,0,0,KRW-BTC,2026-04-02 10:45:33.946000
0.3687622206475995,0.48042168674698793,-0.26759983532317827,1328,20.94653974,101982855.95511998,1,11,0.11851993210636388,1,0,0,KRW-BTC,2026-04-02 11:18:57.636000
0.4892382144879681,0.45626822157434405,0.042275815284181964,1372,23.95000052,104149051.15316,0,11,0.07430536626927448,0,0,0,KRW-BTC,2026-04-02 11:24:18.370000
0.469173933861718,0.4559359067734887,0.03932633979923904,1373,24.97354824,177463026.83335,0,11,0.07430203932528262,0,0,0,KRW-BTC,2026-04-02 11:24:18.466000
0.3576461330223283,0.4502127659574468,-0.00786364440599996,1175,24.77942432,100835319.2535,0,11,0.08305473925067094,0,1,0,KRW-BTC,2026-04-02 11:26:50.966000
0.5262490205124407,0.6404494382022472,-0.18476982817394053,534,4.22542851,147073692.05310002,1,13,0.04974234931727948,0,1,1,KRW-BTC,2026-04-02 13:57:58.504000
0.794073705876364,0.673828125,-0.16699769760570757,512,5.04999217,272654719.5721,1,13,0.03701713580261301,0,1,1,KRW-BTC,2026-04-02 13:58:10.294000
0.8832114930565328,0.6945996275605214,-0.08604575260362579,537,8.33933293,163077162.2976,1,13,0.03412021410715834,0,1,1,KRW-BTC,2026-04-02 13:58:46.768000
0.38169507362336785,0.5545454545454546,-0.08772967431590568,330,2.28027328,103419470.86406,1,17,0.03503892966003004,0,1,0,KRW-BTC,2026-04-02 17:29:51.530000
0.7622077112045786,0.591715976331361,-0.03154356461994933,338,4.99395614,106822136.74836001,1,17,0.02498223162460034,1,0,0,KRW-BTC,2026-04-02 17:31:17.458000
0.7878002613283289,0.7917888563049853,0.03463494765175055,341,5.29300478,138992459.04193,1,19,0.02695690649597936,0,0,1,KRW-BTC,2026-04-02 19:03:48.615000
0.6384387105586623,0.6533864541832669,0.08798726656187283,251,1.83647772,101382876.51141,1,20,0.02384097794520576,0,0,1,KRW-BTC,2026-04-02 20:00:58.837000
0.5193860671319208,0.5183727034120735,-0.1841711801808046,762,7.76504537,108875009.61554,1,21,0.04779366069837072,0,1,1,KRW-BTC,2026-04-02 21:09:57.976000
0.3885510374171201,0.4576271186440678,-0.24788553637472363,826,6.30601115,102395666.295,1,21,0.09591323894826728,1,1,1,KRW-BTC,2026-04-02 21:23:01.597000
0.4014730898146241,0.4455852156057495,-0.5269309245062499,974,13.96452306,105216208.5788,1,22,0.1397299840183172,1,1,1,KRW-BTC,2026-04-02 22:40:24.065000
0.668599629089987,0.6558966074313409,0.4349860147516997,619,5.33555464,197530545.65199998,1,22,0.14956419398855378,1,1,1,KRW-BTC,2026-04-02 22:51:41.393000
0.7839424707839924,0.7468805704099821,0.3299149375944034,561,7.32965053,124387648.0,0,22,0.10817275290235515,0,1,1,KRW-BTC,2026-04-02 22:55:57.844000
0.38413748473924164,0.5509355509355509,0.061318142258090035,481,9.68896116,121408800.0,0,23,0.07493467994730783,1,1,1,KRW-BTC,2026-04-02 23:10:18.235000
0.22749572109949914,0.5,-0.003950656302778299,362,6.49414817,133358966.3468,1,23,0.05472962761502708,1,0,1,KRW-BTC,2026-04-02 23:22:52.947000
0.4915229055780424,0.484149855907781,-0.25380710659898476,347,5.64052092,135947164.84976,1,23,0.08926374034812554,0,1,1,KRW-BTC,2026-04-02 23:28:35.913000
0.7801394747946316,0.6184834123222749,0.1392565085134121,422,6.97509153,101027223.42804,1,23,0.134435719865911,0,1,1,KRW-BTC,2026-04-02 23:34:48.438000
0.5442342667176657,0.6733067729083665,-0.1805815904919867,251,1.96200831,109698069.0447,1,2,0.04001217609235454,1,0,0,KRW-BTC,2026-04-03 02:44:43.773000
0.7737623981686016,0.75,0.12930609021814232,132,0.48037933,101719110.13119999,1,3,0.030380276473744198,1,1,1,KRW-BTC,2026-04-03 03:40:48.216000
0.7278190093986889,0.7466666666666667,-0.04518664047151277,375,2.59465035,162841053.09197998,0,8,0.016701399122235568,0,1,0,KRW-BTC,2026-04-03 08:59:57.481000
0.7978778638185533,0.7801724137931034,0.30508808188170455,696,8.15380355,100374120.2464,0,17,0.12356255675937747,0,0,0,KRW-BTC,2026-04-03 17:12:43.156000
0.5451035743301351,0.6732283464566929,0.03944967700576952,254,0.97758552,101459000.0,1,18,0.014368593833307085,1,1,0,KRW-BTC,2026-04-03 18:40:38.426000
0.7797288149191145,0.7046843177189409,0.37209485465659975,491,8.89267305,101867000.0,0,21,0.15226615766345883,0,0,0,KRW-BTC,2026-04-03 21:30:17.235000
0.3663067321722382,0.410958904109589,-0.004929508035098097,219,1.53677734,101347072.8606,1,23,0.01554004256744246,1,1,1,KRW-BTC,2026-04-03 23:20:47.495000
0.47813325955342684,0.726457399103139,0.04829917891395846,223,1.30589659,206240897.0427,0,13,0.021490732853281205,0,0,1,KRW-BTC,2026-04-04 13:30:16.786000
0.37396495719065365,0.6881028938906752,0.029426189308484552,311,4.912853,273957959.73441,0,20,0.015035468545856271,0,0,0,KRW-BTC,2026-04-04 20:16:46.747000
0.3383443431818702,0.5714285714285714,0.020531471813222266,203,1.74156249,119566105.97957999,0,0,0.028834853947486097,0,0,1,KRW-BTC,2026-04-05 00:45:07.757000
0.7024255268995713,0.9225352112676056,0.06356284409501178,426,0.88641656,144125452.67148,0,2,0.025685205628379698,0,0,0,KRW-BTC,2026-04-05 02:35:29.766000
0.8574842839879253,0.9236842105263158,0.013704932796883106,380,0.9007188899999999,121690442.46281,1,3,0.008886641248667376,1,1,1,KRW-BTC,2026-04-05 03:15:31.775000
0.26755031056843936,0.6511627906976745,-0.03133077465340331,645,1.65513106,105529027.628,0,9,0.028260345409509002,1,0,0,KRW-BTC,2026-04-05 09:20:25.385000
0.8322375625841265,0.65814696485623,-0.04025883485040406,313,3.7936832,185619906.868,1,13,0.027262362037576468,0,0,1,KRW-BTC,2026-04-05 13:20:34.585000
0.2081294745185853,0.7762906309751434,-0.06586902877591749,523,3.37082218,158599146.17700002,0,15,0.022204744603964786,0,0,0,KRW-BTC,2026-04-05 15:07:17.697000
0.7210594103021435,0.7620817843866171,0.09157418986382032,269,3.20093159,145595434.64586,0,15,0.033039404192882864,1,1,1,KRW-BTC,2026-04-05 15:39:53.906000
0.9427341325632962,0.7857142857142857,0.004912170393366605,224,2.00815282,118281926.88984,1,19,0.012904571470581671,1,1,1,KRW-BTC,2026-04-05 19:35:23.786000
0.9038639695585459,0.8649193548387096,0.5283989903454236,496,8.29247557,140555394.7127,0,0,0.19881821423487442,1,1,0,KRW-BTC,2026-04-06 00:27:27.425000
0.8356434339545773,0.8468606431852986,0.6204107276082774,653,14.76345668,112750000.00000001,1,0,0.22637520507834086,0,1,0,KRW-BTC,2026-04-06 00:28:29.776000
0.6400144485906565,0.5326975476839237,-0.027312809707752937,734,16.25174369,143056518.525,0,0,0.1475405372371701,0,0,0,KRW-BTC,2026-04-06 00:40:12.896000
0.5048810876390687,0.7117117117117117,0.14373154467411073,111,1.83236684,193575690.0,1,1,0.03995659833447133,0,0,0,KRW-BTC,2026-04-06 01:25:06.076000
0.7542054844194284,0.6902654867256637,0.11045295486090748,113,3.7321101299999997,150091832.7731,0,1,0.041029145902416936,0,0,0,KRW-BTC,2026-04-06 01:25:21.777000
0.4052888387064525,0.9244897959183673,0.07531814580419238,490,1.0840079599999999,135286110.37012002,1,2,0.03734590300564923,1,0,1,KRW-BTC,2026-04-06 02:27:14.165000
0.6077891504517154,0.803030303030303,0.06649911497501393,132,1.4720131,128288449.22375,1,3,0.02146770418162227,1,1,1,KRW-BTC,2026-04-06 03:32:34.923000
0.6965742134263734,0.8457142857142858,0.12503052503052503,350,1.66556782,127059277.77429,0,6,0.03934005721441286,0,0,1,KRW-BTC,2026-04-06 06:34:52.756000
0.818060033380955,0.8982412060301508,0.1920227698066126,796,3.47495157,117745410.06666,0,7,0.07507154187058623,0,0,0,KRW-BTC,2026-04-06 07:09:05.335000
0.4118453578447616,0.8524804177545692,-0.17141465790114438,766,9.07440933,127119259.8,1,7,0.08225547221918458,1,1,1,KRW-BTC,2026-04-06 07:12:49.706000
0.5460213420479095,0.7257281553398058,-0.053703070839232536,412,5.16047153,108317962.0656,1,7,0.03800231767256169,1,1,1,KRW-BTC,2026-04-06 07:31:20.006000
0.6322415880374501,0.7270531400966184,-0.053703070839232536,414,6.37017749,113632111.4628,1,7,0.03791134217887564,1,1,1,KRW-BTC,2026-04-06 07:31:20.636000
0.9355050381055345,0.8254364089775561,0.43489283694443903,401,7.01506497,114041600.0,1,7,0.156456809621155,1,1,1,KRW-BTC,2026-04-06 07:44:11.178000
0.9044791481944071,0.7734741784037559,0.8193842912325882,852,20.48922496,128126162.56404,0,7,0.2570810552513885,0,1,1,KRW-BTC,2026-04-06 07:46:31.407000
0.7965874897338058,0.7590618336886994,0.7855804512452182,938,24.484265830000002,150460347.1017,0,7,0.24784589220523517,0,1,1,KRW-BTC,2026-04-06 07:47:34.006000
0.7183875261486757,0.7224489795918367,0.5007306380905991,980,27.41680901,215889988.49063998,1,7,0.21958702871530802,1,1,1,KRW-BTC,2026-04-06 07:49:01.607000
0.6860136022114884,0.7367088607594937,0.2710210718883393,1185,17.92237058,126561360.60294001,1,8,0.09138768198781684,1,1,1,KRW-BTC,2026-04-06 08:05:29.988000
0.7894930933747523,0.7906530089628682,0.41756270673211376,1562,27.76497516,136535256.0,1,8,0.1762537844212652,0,0,1,KRW-BTC,2026-04-06 08:17:03.869000
0.7807778072833277,0.7769607843137255,0.3818818287896467,1632,32.51368405,104093000.0,0,8,0.17998811435453096,1,0,1,KRW-BTC,2026-04-06 08:17:50.300000
0.6984596768565465,0.7546439628482973,0.5699099081811815,1292,15.80541054,126167374.22137,1,9,0.16664117191724206,1,1,0,KRW-BTC,2026-04-06 09:01:17.926000
0.6208674572670293,0.750252780586451,0.539782550232433,1978,29.01309781,149459248.4,1,9,0.24499827334965238,0,1,0,KRW-BTC,2026-04-06 09:03:48.316000
0.6718104848104401,0.788021778584392,0.5034281056719566,2755,35.96945503,104810000.0,0,9,0.1882522305735491,0,0,0,KRW-BTC,2026-04-06 09:08:31.788000
0.5176794186141418,0.6600397614314115,-0.21407341571337096,503,3.84752549,115044100.90726998,0,9,0.07318856161309382,0,0,0,KRW-BTC,2026-04-06 09:52:18.882000
0.3031311029990012,0.617059891107078,-0.24296455013296092,551,6.31918736,234563526.72,0,9,0.06640626682077455,0,0,0,KRW-BTC,2026-04-06 09:57:53.917000
0.3377105243066908,0.6537467700258398,0.02891036822172325,387,3.21536887,113013624.40027,1,11,0.01718059084824329,1,1,1,KRW-BTC,2026-04-06 11:02:07.696000
0.3847551944957447,0.5282051282051282,-0.05370775309778647,390,5.2134777,167865742.14119998,0,11,0.06231006836818155,0,1,0,KRW-BTC,2026-04-06 11:41:56.457000
0.8786734590540287,0.7048710601719198,-0.019219680953296174,349,4.87943616,106284876.282,1,13,0.020744159003284992,1,1,0,KRW-BTC,2026-04-06 13:00:06.237000
0.5405337223292158,0.6891891891891891,0.06353484790142472,296,3.32687038,207892000.0,1,13,0.023818586474197292,0,1,1,KRW-BTC,2026-04-06 13:34:07.116000
0.5494238155234512,0.6225895316804407,-0.05191109743905252,363,4.09799016,121516208.32000001,1,15,0.03267291693661936,1,1,0,KRW-BTC,2026-04-06 15:06:32.116000
0.712360045372801,0.6953781512605042,0.07113606213831157,476,7.20968781,104090000.0,0,15,0.038313893183995903,1,1,0,KRW-BTC,2026-04-06 15:08:49.398000
0.3588597622694483,0.6872037914691943,-0.10206144869486515,422,1.96041668,184465794.73608,0,16,0.02802108325059059,0,0,1,KRW-BTC,2026-04-06 16:04:09.412000
0.5578037874613453,0.6258741258741258,0.06061364095557886,286,3.07211755,285284290.72,1,16,0.04585702264976927,1,1,0,KRW-BTC,2026-04-06 16:52:26.026000
0.5496240664600309,0.6455223880597015,0.04804920238324044,268,3.45561035,134134261.67982002,1,17,0.03019982870123608,1,0,1,KRW-BTC,2026-04-06 17:36:11.150000
0.6978236073075271,0.672279013830427,0.3903938300593704,1663,43.48712928,121014533.88315001,0,18,0.15792578601525326,0,0,0,KRW-BTC,2026-04-06 18:25:35.590000
0.43630275641582295,0.5863539445628998,0.11820218292741053,469,5.41876376,126024297.1,0,19,0.047491993656763494,0,0,0,KRW-BTC,2026-04-06 19:46:18.486000
0.34279114041450004,0.583864118895966,0.11724893951670559,471,6.89686376,133562571.04035999,0,19,0.047392385289292044,0,0,0,KRW-BTC,2026-04-06 19:46:18.608000
0.486059342349124,0.6593959731543624,-0.12978337627636224,596,5.43840671,104455740.135,1,20,0.053406100502362434,1,1,0,KRW-BTC,2026-04-06 20:09:09.579000
0.4813929090192284,0.569364161849711,-0.16943960483237924,346,2.86638233,236403181.22739998,1,22,0.04691844821646703,1,1,1,KRW-BTC,2026-04-06 22:24:46.217000
0.5151073562226535,0.6475409836065574,0.0363901018922853,488,5.97219147,150155402.423,0,22,0.047153910420564236,0,0,0,KRW-BTC,2026-04-06 22:36:26.637000
0.415196086032975,0.6462167689161554,0.0363901018922853,489,7.40960797,131289129.61646001,0,22,0.04712571569249962,0,0,0,KRW-BTC,2026-04-06 22:36:26.696000
0.7868949708494446,0.7076023391812866,0.3598054172303618,342,4.74187423,101386900.90155001,0,23,0.10608178650104562,0,1,0,KRW-BTC,2026-04-06 23:20:34.426000
0.6396801371598144,0.6657534246575343,0.21172638436482086,365,7.5853731,193664274.43519998,1,23,0.07251056461752653,0,0,1,KRW-BTC,2026-04-06 23:28:19.910000
0.8550260552387721,0.7344398340248963,0.3347680535628886,482,7.61874735,192213758.368,0,23,0.08423660054434809,0,0,0,KRW-BTC,2026-04-06 23:36:44.846000
0.65832864182682,0.7145669291338582,0.34241989478718315,508,9.74174643,287753088.69,0,23,0.0960051939806139,0,0,0,KRW-BTC,2026-04-06 23:37:22.186000
0.5133119961612899,0.7103718199608611,0.3347680535628886,511,12.49001096,119296476.0,0,23,0.09669057256332503,0,0,0,KRW-BTC,2026-04-06 23:37:22.306000
0.3663829187442575,0.5691176470588235,-0.2923892790597678,680,15.84682675,102196822.7448,0,23,0.15393861550335625,1,1,1,KRW-BTC,2026-04-06 23:39:30.996000
0.3520633466058554,0.5455801104972375,-0.2780458441223402,724,18.65401185,104397434.015,1,23,0.17582424026408716,1,1,1,KRW-BTC,2026-04-06 23:40:30.536000
0.6453292987190732,0.6378737541528239,0.2835955314541936,301,2.8399478400000002,111975323.32620001,0,23,0.14314763237813127,1,1,1,KRW-BTC,2026-04-06 23:57:41.516000
0.721670515180953,0.6064814814814815,0.026732351874128812,216,2.64102253,109786061.76529999,1,0,0.028530372868657092,0,1,1,KRW-BTC,2026-04-07 00:29:53.265000
0.6879515721318773,0.6428571428571429,-0.021952849098024245,252,6.82828224,152755551.10154998,1,0,0.03288150223413071,1,1,1,KRW-BTC,2026-04-07 00:39:52.296000
0.37206601325482774,0.5188679245283019,-0.03230281034449997,212,2.7502539,104994477.76519999,1,1,0.029257288172167814,0,0,0,KRW-BTC,2026-04-07 01:26:56.096000
0.8784691566805681,0.7235772357723578,0.0864945014209811,369,6.42752731,120188891.02914,1,1,0.0879478147511381,1,1,0,KRW-BTC,2026-04-07 01:37:40.566000
0.5410784571697822,0.536723163841808,-0.4845393083699187,531,8.66023227,104950000.0,1,1,0.19883402593452384,0,0,0,KRW-BTC,2026-04-07 01:57:21.486000
0.49332724916869025,0.5617128463476071,-0.90254932261398,794,11.66973618,167422433.49217,1,2,0.23346640891683626,1,1,1,KRW-BTC,2026-04-07 02:03:25.486000
0.5674714998483732,0.5633626097867002,-0.90254932261398,797,13.67692924,125207623.04866,1,2,0.233810497923134,1,1,1,KRW-BTC,2026-04-07 02:03:25.685000
0.6207521838842185,0.5639097744360902,-0.9157005678101864,798,15.54905262,137326493.88136,1,2,0.23100453070879234,1,1,1,KRW-BTC,2026-04-07 02:03:29.266000
0.19144151451159616,0.6733128834355828,-0.3827979571380841,652,6.19094302,127708897.92362,1,2,0.12134984639475914,1,1,1,KRW-BTC,2026-04-07 02:20:00.336000
0.5461406131870106,0.9158653846153846,-0.027701360232309336,416,0.64923243,122759537.52065998,1,3,0.035274455005476275,1,1,1,KRW-BTC,2026-04-07 03:11:12.837000
0.8383387630820291,0.9160671462829736,-0.027701360232309336,417,1.82218017,198744109.70403,1,3,0.03523351108543147,1,1,1,KRW-BTC,2026-04-07 03:11:12.856000
0.6857308415070635,0.865625,-0.10279937939633921,320,0.67032524,156556168.67488,0,4,0.037877804920559435,0,0,1,KRW-BTC,2026-04-07 04:05:02.926000
0.35932913982971,0.7638376383763837,-0.0819969108140577,271,1.19290889,193186831.74335998,1,5,0.04862238377801655,1,1,1,KRW-BTC,2026-04-07 05:03:24.946000
0.7381948188675237,0.759493670886076,0.21983669274253412,316,2.51233323,175398043.12254,0,5,0.0680422172398999,1,1,0,KRW-BTC,2026-04-07 05:30:14.516000
0.09599153906633852,0.7399103139013453,-0.03512235870370019,223,2.37876736,153575126.5374,0,5,0.014503171701645511,0,0,0,KRW-BTC,2026-04-07 05:40:44.495000
0.059509345598325235,0.7366071428571429,-0.03512235870370019,224,3.83709596,288875023.99289995,0,5,0.014540970115724236,0,0,0,KRW-BTC,2026-04-07 05:40:44.516000
0.034701623324630324,0.7333333333333333,-0.03512235870370019,225,6.580214059999999,144062452.93986,0,5,0.014577717886298176,0,0,0,KRW-BTC,2026-04-07 05:40:44.536000
0.29261184872534945,0.5588652482269504,-0.393189836667596,1410,17.26418398,137487079.97118,1,8,0.12460766288571425,0,1,1,KRW-BTC,2026-04-07 08:06:35.497000
0.4520369893377246,0.5661157024793388,-0.23205654091320507,1694,23.4481384,129546779.57045001,1,8,0.16121537638295194,1,1,1,KRW-BTC,2026-04-07 08:09:58.161000
0.6607588744702362,0.615099925980755,0.07333854422989704,1351,19.32122693,216466385.73287997,0,8,0.1545979866973437,1,0,1,KRW-BTC,2026-04-07 08:12:22.443000
0.41489971331202946,0.655860349127182,-0.16481927710843375,802,9.60147481,106921944.26118001,0,8,0.08822414747597562,0,1,1,KRW-BTC,2026-04-07 08:20:58.810000
0.46979462766742996,0.6492307692307693,0.1207006430930264,650,8.33512714,224137808.28335002,0,8,0.08727879721358406,0,0,1,KRW-BTC,2026-04-07 08:26:17.718000
0.6850632967995994,0.6906614785992218,0.37373610561183596,514,6.08667514,127819646.52015,0,8,0.09370561988061286,1,1,1,KRW-BTC,2026-04-07 08:40:56.109000
0.4953231348987839,0.6127450980392157,0.16372917268612155,408,6.73452729,142330926.4,0,8,0.08104492759283428,0,0,1,KRW-BTC,2026-04-07 08:44:20.857000
0.4102214116944828,0.6067961165048543,0.16372917268612155,412,8.13024579,115201888.88,0,8,0.08152541754018147,1,0,1,KRW-BTC,2026-04-07 08:44:22.527000
0.3645177852894514,0.5815602836879432,0.18113323891281516,423,9.357098820000001,271748615.32122004,1,8,0.08006654166308441,1,0,1,KRW-BTC,2026-04-07 08:45:22.019000
0.6446970194464152,0.7622478386167147,0.0384948513136368,694,6.24386946,100179211.11966,1,9,0.0330315033648879,1,1,1,KRW-BTC,2026-04-07 09:01:06.118000
0.5456950964766193,0.7748917748917749,0.06628433096054642,693,5.394083,202408137.91296,0,9,0.04830647494676529,0,0,0,KRW-BTC,2026-04-07 09:20:26.605000
0.3300486012487943,0.771551724137931,0.06628433096054642,696,8.91657512,141895740.81978,0,9,0.04831498877506638,0,0,0,KRW-BTC,2026-04-07 09:20:26.826000
0.30319825781761905,0.4321880650994575,-0.2865495383368549,553,6.96060308,206401390.845,1,10,0.11560583580908504,1,0,1,KRW-BTC,2026-04-07 10:54:09.419000
0.4588518886653894,0.564748201438849,-0.07065906517088846,834,6.65297056,103197501.25400001,1,11,0.04305170233946951,1,1,1,KRW-BTC,2026-04-07 11:09:03.342000
0.6137678473916665,0.6798780487804879,-0.10125654551240634,328,2.57277232,143035986.19312,1,11,0.03293288485400515,1,1,1,KRW-BTC,2026-04-07 11:53:13.418000
0.3742096363386856,0.6641221374045801,0.09854596396309356,262,1.41588305,103660000.0,1,17,0.03146286648321041,1,0,0,KRW-BTC,2026-04-07 17:02:06.147000
0.6907875900513135,0.6646884272997032,0.12621639849696503,337,4.18735474,206500399.49519998,0,18,0.057767127171583936,1,0,1,KRW-BTC,2026-04-07 18:17:37.654000
0.4108488829424365,0.4802527646129542,-0.16666666666666669,633,8.15934338,126294583.48756,1,19,0.0756015066924954,0,0,1,KRW-BTC,2026-04-07 19:51:50.406000
0.4877242450927441,0.4810725552050473,-0.16666666666666669,634,9.38517115,285580511.86868,1,19,0.07571661909294826,0,0,1,KRW-BTC,2026-04-07 19:51:50.407000
0.6020836304088724,0.4595419847328244,-0.24985957504503284,655,13.49962133,220194138.51,0,19,0.0821897174151719,0,0,1,KRW-BTC,2026-04-07 19:52:40.296000
0.4349125855465938,0.4224464060529634,-0.48009911723710696,793,20.06438784,116433355.10688,1,19,0.1223404972762745,1,1,1,KRW-BTC,2026-04-07 19:53:19.617000
0.3412195377568929,0.5197168857431749,-0.3657105163599678,989,19.69923137,150227884.8417,1,20,0.07445640907944749,1,1,1,KRW-BTC,2026-04-07 20:02:23.836000
0.7990891785378399,0.6660341555977229,0.24814861669310342,527,4.97188573,154530000.0,1,20,0.07528276117037222,1,1,1,KRW-BTC,2026-04-07 20:14:55.317000
0.8353208290192312,0.7323529411764705,0.15257531584062198,340,3.58249015,154722928.57064,1,21,0.04507465466710772,1,0,0,KRW-BTC,2026-04-07 21:30:49.738000
0.326528954980682,0.5978835978835979,0.009700638302000271,378,5.04463597,110469300.14288,0,21,0.054250319388820495,0,0,1,KRW-BTC,2026-04-07 21:41:36.946000
0.6305813373926026,0.6143572621035058,-0.06896283777220895,599,3.70710115,135147108.8,0,23,0.08030959994856252,0,0,0,KRW-BTC,2026-04-07 23:01:52.116000
0.2009360740153479,0.38162544169611307,-0.40308872808508567,849,8.29024835,107497757.73,0,23,0.1104850121152044,0,0,1,KRW-BTC,2026-04-07 23:06:48.746000
0.2132269426878851,0.3267489711934156,-0.22761981654231878,1215,16.86398271,181161015.9047,1,23,0.06429942622759276,1,1,1,KRW-BTC,2026-04-07 23:15:55.346000
0.5448455312798828,0.4563662374821173,0.26235967658561804,699,8.07173045,179510902.0,0,23,0.16806915448943013,0,0,0,KRW-BTC,2026-04-07 23:27:32.859000
0.9314892306465642,0.9396092362344582,0.21710475304334342,563,3.95233656,123814572.2,1,2,0.05312540338320898,1,1,1,KRW-BTC,2026-04-08 02:35:41.316000
0.9545567141003786,0.9148099606815203,0.736405565675749,763,7.80675955,217076832.0,0,2,0.20984628636453495,0,0,0,KRW-BTC,2026-04-08 02:36:58.566000
0.7495494224471535,0.9060052219321149,0.736405565675749,766,10.12407854,102526155.00792,0,2,0.24289032918422532,0,0,0,KRW-BTC,2026-04-08 02:37:05.097000
0.7847724654878896,0.8198198198198198,0.5867942250152508,222,1.93410364,108730656.49064998,0,4,0.22508880954048494,1,1,1,KRW-BTC,2026-04-08 04:47:02.096000
0.6902079912892579,0.7365196078431373,0.9731543624161074,1632,26.38677787,147476426.91285002,0,6,0.2841354361865515,0,0,0,KRW-BTC,2026-04-08 06:13:55.277000
0.6270249716954217,0.7149700598802395,0.8262482387109761,1670,28.27893786,109578418.10643001,0,6,0.2508748282987241,0,0,0,KRW-BTC,2026-04-08 06:14:58.178000
0.7665402728684692,0.673469387755102,0.08004726600468849,490,9.99521634,101357065.11974,1,7,0.06744464160826012,1,1,1,KRW-BTC,2026-04-08 07:00:02.426000
0.8116705836177693,0.6812749003984063,0.08004726600468849,502,12.39088243,143069120.20764,1,7,0.06663953785225146,1,1,1,KRW-BTC,2026-04-08 07:00:03.277000
0.8489060977762279,0.8213660245183888,0.8408722978763928,1142,20.218205910000002,105225955.72853,1,7,0.20885891387399497,0,0,1,KRW-BTC,2026-04-08 07:06:07.831000
0.7014757665066094,0.7591292134831461,0.6622201048118151,1424,27.79831059,121845298.38765001,0,7,0.25966999853828926,0,0,1,KRW-BTC,2026-04-08 07:07:55.466000
0.8047674770491788,0.7810283687943262,0.5473552401912423,1128,28.4958551,105970741.47,0,7,0.19255270292105214,1,1,1,KRW-BTC,2026-04-08 07:32:40.467000
0.6533173032859522,0.6670448099829835,0.5191507905681291,1763,43.26742143,135988311.40025,0,7,0.233890661330231,1,1,1,KRW-BTC,2026-04-08 07:34:36.956000
0.5575761055880987,0.5761183261183261,0.7291666666666666,2772,61.98977255,156893261.63711998,0,7,0.28212520515387096,0,0,1,KRW-BTC,2026-04-08 07:38:57.658000
0.42002808109983364,0.4981949458483754,-0.08584905660377358,2770,58.98477205,105940000.0,1,7,0.2056993100152341,0,1,1,KRW-BTC,2026-04-08 07:42:53.646000
0.43362827906735,0.5052674230145867,-0.18658122879758762,2468,53.32878665,105912000.0,0,7,0.23873938517317755,1,1,1,KRW-BTC,2026-04-08 07:44:11.916000
0.4490597974112672,0.5012106537530266,-0.44016067272317744,2065,41.61055035,113176625.93712,1,7,0.26720072480094426,1,1,1,KRW-BTC,2026-04-08 07:47:02.496000
0.45179803246320593,0.5097402597402597,0.41288814313455624,1540,29.01675125,111750748.7508,1,7,0.13376153951647332,0,1,1,KRW-BTC,2026-04-08 07:56:32.851000
0.4167779738623725,0.5290396779758482,-0.18972139926541368,1739,32.15356061,132620876.868,1,8,0.12534595247618738,1,0,1,KRW-BTC,2026-04-08 08:10:43.799000
0.4773287060236777,0.5197368421052632,0.13778106869370427,1672,32.37466804,191699585.0,0,8,0.11794170482770527,0,0,1,KRW-BTC,2026-04-08 08:13:18.827000
0.44911190448788,0.5181872391174717,0.14902850287278213,1677,34.40594811,253875598.9315,0,8,0.11799338260591577,0,0,1,KRW-BTC,2026-04-08 08:13:18.900000
0.5102832519989267,0.5468369829683698,-0.1340960240060015,1644,31.79161562,155766907.33119,1,8,0.11579418119645415,1,1,1,KRW-BTC,2026-04-08 08:18:52.240000
0.5317763839585635,0.547112462006079,-0.1340960240060015,1645,33.25425689,291042148.61367,1,8,0.11587164637401673,1,1,1,KRW-BTC,2026-04-08 08:18:52.258000
0.567262613442515,0.5473876063183475,-0.1340960240060015,1646,35.987124,162132373.59723002,1,8,0.11594882967514511,1,1,1,KRW-BTC,2026-04-08 08:18:52.359000
0.6739547047174995,0.6502325581395348,0.3557186452736225,2150,54.13469982,118879071.3222,0,8,0.20141282807379057,1,1,1,KRW-BTC,2026-04-08 08:20:54.892000
0.6889915188269492,0.6769164140320485,0.48396457791174435,2309,60.71125911,297341119.0242,0,8,0.25977742594137054,0,1,1,KRW-BTC,2026-04-08 08:21:52.147000
0.6588721484092294,0.6769164140320485,0.48396457791174435,2309,63.47322242,154072731.23928,0,8,0.25995057004496575,0,1,1,KRW-BTC,2026-04-08 08:21:52.249000
0.6442367166049676,0.6766233766233766,0.48396457791174435,2310,64.90855338,157004294.3316,0,8,0.26006774801780597,0,1,1,KRW-BTC,2026-04-08 08:21:52.388000
0.6267118905531399,0.6756055363321799,0.47644008461725673,2312,66.74268103,134114549.22513,0,8,0.26098966555093,0,1,1,KRW-BTC,2026-04-08 08:21:54.178000
0.6470220592248586,0.6866862662746746,0.7478772656557515,2381,61.2158283,107232870.02499999,1,8,0.29640877687095946,0,1,1,KRW-BTC,2026-04-08 08:24:19.366000
0.6496973634495167,0.6769280622164614,1.4436940533330829,3086,74.63727827,115563518.63999999,1,8,0.32090223227511916,1,0,0,KRW-BTC,2026-04-08 08:29:20.254000
0.6612529941612699,0.6812659846547314,1.4084903800107047,3128,77.41257695,143697980.83854,1,8,0.3183658621228624,1,0,0,KRW-BTC,2026-04-08 08:29:22.794000
0.4122895383653569,0.4911242603550296,-0.6287091988130564,1690,30.95212954,107162000.0,1,8,0.1587112492191161,1,1,0,KRW-BTC,2026-04-08 08:43:34.117000
0.43553360469857466,0.4943820224719101,-0.5798472914173324,1691,31.64128013,129097679.90328,1,8,0.16370579410526104,1,1,0,KRW-BTC,2026-04-08 08:43:52.034000
0.4747573704791114,0.4828042328042328,-0.23959658621298094,1512,32.10202585,179690700.67965,1,8,0.15389852600856962,1,1,0,KRW-BTC,2026-04-08 08:46:11.961000
0.5056892371071149,0.4980719794344473,-0.06504548537870411,1556,34.12153938,162972859.63628998,0,8,0.15039844660760718,0,1,0,KRW-BTC,2026-04-08 08:46:20.569000
0.47300633495501754,0.5257731958762887,-0.11332497329431981,1552,35.67955828,101404562.0,1,8,0.13166502728119414,0,1,0,KRW-BTC,2026-04-08 08:48:02.569000
0.6246328252587414,0.6218181818181818,0.1284641091758748,1375,32.53571535,103196733.9372,0,8,0.12550227233250238,1,0,0,KRW-BTC,2026-04-08 08:51:38.967000
0.6599710511662794,0.7337796086508754,0.011247961307013105,1942,26.13578353,103945106.298,1,9,0.09188769688146393,1,1,0,KRW-BTC,2026-04-08 09:17:18.846000
0.5391730680535906,0.7138437741686001,0.09569467768719099,1293,16.13455164,157330651.02396002,0,9,0.08486616315852626,1,1,0,KRW-BTC,2026-04-08 09:23:40.526000
0.44615491724771533,0.7165919282511211,0.11443364724421266,1115,14.60174936,294907529.87196,1,9,0.05303456507890059,1,1,0,KRW-BTC,2026-04-08 09:26:09.276000
0.5183623956957376,0.6836327345309381,0.01686435437629996,1002,15.60192464,157937995.67,0,9,0.05074286570323964,1,0,0,KRW-BTC,2026-04-08 09:31:23.421000
0.47171490990596787,0.6514399205561072,-0.1947565543071161,1007,13.43384348,113954437.3504,0,9,0.09401175495242838,0,1,0,KRW-BTC,2026-04-08 09:36:16.342000
0.5089819949599291,0.6624390243902439,-0.026227296996037805,1025,16.41705712,106801000.0,1,9,0.10392530617940463,1,0,0,KRW-BTC,2026-04-08 09:39:13.041000
0.7215640355157382,0.71375,0.007505253677574302,800,14.34442491,160459469.84600002,0,9,0.11615945434175909,0,0,0,KRW-BTC,2026-04-08 09:46:12.059000
0.6531275862826087,0.7128589263420724,0.007505253677574302,801,15.84967322,183660250.956,0,9,0.11622630045040423,0,0,0,KRW-BTC,2026-04-08 09:46:12.068000
0.440388775503571,0.5821325648414986,-0.3340163359250007,694,18.8573219,131519827.83851999,1,9,0.1558109632061856,1,0,0,KRW-BTC,2026-04-08 09:51:02.385000
0.4053723285261871,0.5181818181818182,-0.3760453499466801,660,17.822163709999998,177276896.70000002,0,9,0.11549176606729407,0,1,0,KRW-BTC,2026-04-08 09:53:36.277000
0.3700059003761549,0.5158371040723982,-0.3760453499466801,663,19.52677535,115772515.155,0,9,0.11545589808388951,0,1,0,KRW-BTC,2026-04-08 09:53:37.211000
0.2902054152899268,0.49344978165938863,-0.3741779777551192,687,24.56138531,103182471.75,0,9,0.10854917498591438,0,1,0,KRW-BTC,2026-04-08 09:53:50.037000
0.40656810054481834,0.614138438880707,-0.08545323078945638,679,7.57830977,107265041.576,0,10,0.04946942326780861,1,1,0,KRW-BTC,2026-04-08 10:05:28.539000
0.47061985717220406,0.6320132013201321,-0.16523028971629208,606,7.80112386,113268002.35242,0,10,0.05149077575791815,0,0,0,KRW-BTC,2026-04-08 10:18:33.639000
0.625361548012645,0.5812619502868069,0.08855643588608252,523,8.7680981,119803771.28960001,0,10,0.0568040400898109,0,0,1,KRW-BTC,2026-04-08 10:44:24.801000
0.4541741824214651,0.5257270693512305,-0.1524189451103626,447,6.89144515,118454526.5464,1,10,0.04098121759811464,1,1,1,KRW-BTC,2026-04-08 10:52:10.828000
0.5871835840506041,0.5255319148936171,-0.11854806841917091,470,9.22227166,121675579.23104002,1,10,0.03963859999273379,1,1,1,KRW-BTC,2026-04-08 10:52:45.292000
0.6837819919572137,0.5691056910569106,-0.058351293610533345,492,11.32349323,117141991.47522001,1,10,0.03463944756631024,0,1,0,KRW-BTC,2026-04-08 10:53:17.127000
0.574891697188613,0.6696428571428571,-0.1450094161958569,560,5.26393342,321074477.26175,0,11,0.03852612339165396,1,1,0,KRW-BTC,2026-04-08 11:04:39.491000
0.24719397032679694,0.45137614678899085,-0.2638051784674891,545,8.544346730000001,181658952.08561,0,11,0.11715667718896364,0,0,0,KRW-BTC,2026-04-08 11:24:17.619000
0.38817966521202085,0.5084226646248086,-0.32572063336659574,653,10.9561531,105896000.0,1,11,0.1055024298245965,0,0,1,KRW-BTC,2026-04-08 11:36:10.977000
0.569326760496229,0.7823185988323603,0.10201671940679166,1199,7.95773452,185740368.35418,0,12,0.2009004686021588,0,0,1,KRW-BTC,2026-04-08 12:06:06.420000
0.35761039417913926,0.7713815789473685,0.08690313134652623,1216,12.68473989,123139538.09640001,0,12,0.19989197011552992,0,0,1,KRW-BTC,2026-04-08 12:06:11.239000
0.13171109559005942,0.5504424778761062,-0.13307159440533042,565,10.0726377,105817000.0,0,12,0.03914186238778092,0,1,1,KRW-BTC,2026-04-08 12:14:10.687000
0.40188396338750815,0.6416791604197901,-0.13708991207336674,667,7.58976217,105624000.0,0,12,0.2937860773156228,1,1,1,KRW-BTC,2026-04-08 12:25:44.112000
0.3561956475892428,0.643491124260355,-0.13048164747262722,676,8.63562162,211248000.0,1,12,0.29372535733618244,1,1,1,KRW-BTC,2026-04-08 12:25:51.477000
0.47614606922368125,0.7050847457627119,-0.07457825524643864,885,6.48872138,105853000.0,1,12,0.23113081800146648,1,0,1,KRW-BTC,2026-04-08 12:41:39.888000
0.30354900014405856,0.44136460554371004,0.13011134891526735,469,9.28666572,106201000.0,0,13,0.04827852548365095,0,0,0,KRW-BTC,2026-04-08 13:43:07.880000
0.18223534886537676,0.38476190476190475,0.13011134891526735,525,14.46820292,143546697.40909,0,13,0.05200453875390481,0,0,1,KRW-BTC,2026-04-08 13:43:24.655000
0.37034449771579125,0.6320939334637965,-0.045234370582581,511,4.48233807,118401695.91900001,0,14,0.022684626938324615,1,1,1,KRW-BTC,2026-04-08 14:04:40.190000
0.21628084572855963,0.44742729306487694,-0.08938652615732029,447,7.54166786,111067009.34324999,0,14,0.04009276580642162,0,0,0,KRW-BTC,2026-04-08 14:32:09.517000
0.4346022977357613,0.5465465465465466,-0.13458950201884254,333,3.93899735,115486378.14575,0,16,0.055470562886559174,1,0,1,KRW-BTC,2026-04-08 16:31:12.847000
0.58248468692742,0.5830721003134797,0.047056166240024094,319,4.85081767,111730098.75233,0,17,0.0348425084183476,0,1,1,KRW-BTC,2026-04-08 17:27:03.809000
0.5156888466613982,0.7002398081534772,0.022583984191211066,417,5.48833479,173417133.55522,1,19,0.03991993151092896,1,0,0,KRW-BTC,2026-04-08 19:08:27.829000
0.16640427999789187,0.4648648648648649,-0.03771094560196097,370,3.42940665,164409636.6238,1,20,0.025238620864246452,1,1,1,KRW-BTC,2026-04-08 20:02:25.098000
0.530056504346678,0.5948844884488449,0.6228341294371078,1212,13.05218647,115305188.52724999,1,22,0.14480765498383605,1,1,0,KRW-BTC,2026-04-08 22:07:27.337000
0.5987308712456915,0.6095679012345679,0.740712994784107,1296,15.72629876,105455080.18567,0,22,0.18814416486778257,0,1,0,KRW-BTC,2026-04-08 22:07:39.026000
0.4589093655778551,0.5756521739130435,0.3413448050126251,1725,27.79240829,101305265.2086,1,22,0.2728993709451014,1,1,0,KRW-BTC,2026-04-08 22:11:06.626000
0.5073345979150666,0.5850574712643678,0.3899638091141182,1740,29.95764118,100543349.7975,1,22,0.2639674701773741,1,1,0,KRW-BTC,2026-04-08 22:11:29.656000
0.5716978509867036,0.5963824289405685,0.7388287226680135,1935,38.24015049,132378793.44678001,0,22,0.22339500568673473,0,1,0,KRW-BTC,2026-04-08 22:13:56.086000
0.5445478577228786,0.5941807044410413,0.7725040916530279,1959,40.56326407,146179120.48388,1,22,0.21341659822558867,0,0,0,KRW-BTC,2026-04-08 22:14:12.353000
0.332073867145307,0.4967479674796748,-0.08639027970014213,1230,22.07118718,104838743.61603001,1,22,0.16498937711710562,1,0,0,KRW-BTC,2026-04-08 22:26:42.050000
0.3423968479143566,0.511,-0.3425925925925926,1000,19.77145678,114411990.17040001,0,22,0.1209898975341095,0,0,0,KRW-BTC,2026-04-08 22:28:43.677000
0.5062820374334724,0.46638655462184875,-0.28542284692913095,1190,26.80075716,208314521.02834,1,22,0.17069132055763742,1,1,0,KRW-BTC,2026-04-08 22:43:36.757000
0.49140952157143963,0.5263620386643234,-0.09012476647358687,1138,15.66204919,109608985.45702,1,22,0.14865521387912603,0,0,0,KRW-BTC,2026-04-08 22:54:24.366000
0.44471244910470525,0.5165189363416599,-0.5128781072177299,1241,15.95165494,183606144.56300002,1,22,0.15610687534309664,1,1,0,KRW-BTC,2026-04-08 22:59:40.648000
0.4988684129372596,0.5169082125603864,-0.5128781072177299,1242,17.67889995,108550968.40599999,1,22,0.15613928011110623,1,1,0,KRW-BTC,2026-04-08 22:59:40.649000
0.2914524339077323,0.37733333333333335,-0.2403236859645335,750,10.19022071,102951325.07688001,1,23,0.14782249465413042,1,1,0,KRW-BTC,2026-04-08 23:12:47.526000
0.49010596867615913,0.46210720887245843,0.09807619766125991,541,10.55867883,103414589.8704,1,23,0.1086776295762355,0,1,0,KRW-BTC,2026-04-08 23:20:14.177000
0.5836710201263474,0.4242115971515768,-0.6369366826606454,983,16.65850334,119266459.3068,0,23,0.1923892295539656,0,1,0,KRW-BTC,2026-04-08 23:35:32.158000
0.4967055444019615,0.4071111111111111,-0.6419911137886889,1125,20.96837967,134175198.66308999,0,23,0.19455929656007775,1,1,1,KRW-BTC,2026-04-08 23:36:13.688000
0.4221254681603204,0.43346007604562736,-0.20136512318251432,526,4.92885069,148023667.61175,1,23,0.08322309321123098,1,0,1,KRW-BTC,2026-04-08 23:48:05.406000
0.8011278478298512,0.6850828729281768,0.10287871637564888,181,1.76484405,151458838.81296,1,1,0.037185865572240864,0,0,0,KRW-BTC,2026-04-09 01:04:18.666000
0.40229749245235785,0.7455621301775148,-0.10167768174885612,169,1.19994782,142495996.52969998,0,3,0.0668885970377304,0,0,0,KRW-BTC,2026-04-09 03:42:54.655000
0.5572402168446564,0.8246205733558178,0.06017299736743137,593,2.10970197,123538920.63045001,0,6,0.04159862304064161,1,1,1,KRW-BTC,2026-04-09 06:19:38.306000
0.6878978393165579,0.8204633204633205,-0.06583588055490243,518,2.52428835,133494964.743,0,7,0.025463414404780102,0,0,0,KRW-BTC,2026-04-09 07:19:01.617000
0.3562842282107671,0.6392294220665499,-0.31342356418123973,571,5.426881,121109729.38353,1,7,0.08260833328240225,0,1,0,KRW-BTC,2026-04-09 07:28:08.066000
0.36563783097753105,0.6053550640279395,-0.31890402687096653,859,8.30380117,151359956.377,1,8,0.13161340805890143,1,1,1,KRW-BTC,2026-04-09 08:05:13.289000
0.49665624728549373,0.6071842410196987,-0.31890402687096653,863,10.46710276,133842328.40230002,1,8,0.1314064306243389,1,1,1,KRW-BTC,2026-04-09 08:05:13.770000
0.6626549335041035,0.6627282491944146,-0.07084226733038,931,15.46926115,110352410.15969001,1,8,0.08690003842284463,0,1,1,KRW-BTC,2026-04-09 08:09:24.692000
0.4358129414763761,0.6933333333333334,-0.16555195020197339,675,3.45362485,195733373.19684002,0,9,0.036288648974752744,1,0,0,KRW-BTC,2026-04-09 09:30:40.814000
0.36163166036528627,0.6048502139800286,-0.11916471211318756,701,10.46410739,131380683.9506,1,9,0.08987153450795526,0,0,0,KRW-BTC,2026-04-09 09:37:40.090000
0.4962792961973841,0.5872,-0.17733522996680892,625,6.33127188,228184640.88042,1,9,0.05568148478812987,1,1,1,KRW-BTC,2026-04-09 09:51:37.261000
0.40241702645382116,0.5840909090909091,-0.31953122777740905,880,7.32763517,101088117.35239999,1,10,0.16823836375325532,1,1,1,KRW-BTC,2026-04-09 10:10:38.238000
0.4002996380656007,0.6416510318949343,-0.09125475285171103,533,7.7944278,119786454.93216,1,10,0.06134674257992494,1,1,1,KRW-BTC,2026-04-09 10:24:48.668000
0.7009281857938523,0.7385057471264368,-0.025570118948405184,348,4.19739132,115705858.9255,0,12,0.02815889657586987,0,1,1,KRW-BTC,2026-04-09 12:27:55.301000
0.3431044711347247,0.6713881019830028,-0.06798866855524079,353,2.16818312,187253729.991,0,15,0.022572464501099277,1,0,0,KRW-BTC,2026-04-09 15:16:53.897000
0.17979584511663355,0.624031007751938,-0.07081952352624572,258,3.30831565,133343280.0,0,15,0.02676533385905107,0,0,1,KRW-BTC,2026-04-09 15:19:37.288000
0.13021171070790166,0.6216216216216216,-0.07081952352624572,259,4.56831565,125006593.57932,0,15,0.026829221988936523,0,0,1,KRW-BTC,2026-04-09 15:19:37.401000
0.6119136308308218,0.6666666666666666,0.04346265046580623,228,2.02355548,102725949.34612,1,16,0.028211354392671636,1,1,0,KRW-BTC,2026-04-09 16:00:03.557000
0.5639468300487024,0.6675257731958762,-0.07643672737567236,388,2.9837181999999998,109617924.54948999,1,17,0.032031094591901316,1,1,1,KRW-BTC,2026-04-09 17:04:51.091000
0.45297004015038356,0.5653409090909091,-0.03951119013349138,352,4.12233845,146787749.3565,0,17,0.03562119290482251,0,0,0,KRW-BTC,2026-04-09 17:57:04.402000
0.7540149065740789,0.7480916030534351,0.02071270536176623,262,1.37070896,128587668.05789,1,21,0.03934412995813245,1,1,0,KRW-BTC,2026-04-09 21:58:53.097000
0.4207187291346633,0.4603174603174603,-0.13874861959281526,567,7.40453502,102201094.50400001,1,22,0.11514630314473763,1,0,0,KRW-BTC,2026-04-09 22:43:02.796000
0.30091369245522565,0.5522388059701493,-0.26375745658401006,737,9.66496053,222153003.185,0,22,0.06757551067343341,1,1,0,KRW-BTC,2026-04-09 22:56:51.665000
0.7123068229108475,0.6526458616010855,0.39378588949559695,737,14.87123459,159036996.31894,0,0,0.2505977478058024,1,0,1,KRW-BTC,2026-04-10 00:34:03.298000
0.7340327145560233,0.6990740740740741,0.807966929725667,1080,23.94885681,138830345.9793,0,0,0.3520390135109619,0,0,0,KRW-BTC,2026-04-10 00:35:02.606000
0.7084466479373956,0.6691855583543241,0.7005698595098833,1191,27.63107464,215115132.31216,0,0,0.3694344781371481,0,0,1,KRW-BTC,2026-04-10 00:36:07.436000
0.6557590868706454,0.6688524590163935,0.7226560664580456,1220,30.00184059,142760522.33525,0,0,0.3687898268741765,0,0,0,KRW-BTC,2026-04-10 00:36:21.417000
0.43671850651679356,0.5674074074074074,-0.14180956468195474,675,18.49482582,106112772.27642,0,0,0.13755179093343015,1,1,0,KRW-BTC,2026-04-10 00:45:36.477000
0.48595461788333455,0.5899280575539568,0.1963901617880857,556,14.86875149,198153032.2068,1,0,0.13596899705500107,1,0,1,KRW-BTC,2026-04-10 00:48:28.117000
0.6328372275574272,0.651705565529623,0.5029973772948669,557,18.01226453,265554922.29400003,1,0,0.15291551599061373,0,0,0,KRW-BTC,2026-04-10 00:48:43.816000
0.6927411844051431,0.6466165413533834,0.031756113051762465,532,16.5969496,100001945.65425,0,0,0.08773447896334824,0,1,0,KRW-BTC,2026-04-10 00:57:54.646000
0.562215657751708,0.5951807228915663,-0.07747234797218464,415,6.32393716,113204827.61676,1,1,0.06617615125824969,1,1,0,KRW-BTC,2026-04-10 01:16:09.136000
0.6249446128081574,0.5961538461538461,-0.07747234797218464,416,7.38141229,118426140.11448,1,1,0.06610336718057098,1,1,0,KRW-BTC,2026-04-10 01:16:09.236000
0.7026020628337388,0.6032863849765259,-0.234730807717126,426,5.3978809,104336104.9164,0,1,0.05357797385870844,0,0,1,KRW-BTC,2026-04-10 01:38:23.876000
0.6189706968830972,0.588495575221239,-0.009376640912159628,226,1.94556136,106492007.4372,1,1,0.08040905686879751,0,1,1,KRW-BTC,2026-04-10 01:52:39.977000
0.6872295730561403,0.8640595903165735,0.49318356554840886,537,4.50526916,109509084.6362,0,2,0.1589520862259863,1,1,0,KRW-BTC,2026-04-10 02:03:08.626000
0.7909372692081239,0.8714953271028038,0.03661318637989466,428,0.63740313,105799048.91734,1,4,0.02387760139753517,1,1,0,KRW-BTC,2026-04-10 04:07:26.656000
0.8969398020234565,0.8228571428571428,0.4554204422742852,175,2.02070486,159403430.796,0,4,0.12504224850203105,0,0,0,KRW-BTC,2026-04-10 04:45:27.786000
0.8852125149890763,0.9130434782608695,0.10458688181682356,644,3.56059365,103422900.192,1,6,0.025523088493510204,1,1,0,KRW-BTC,2026-04-10 06:03:56.659000
0.9470985806114683,0.8616504854368932,0.7331132128266831,1236,20.59031825,134148148.056,0,7,0.2725092813120036,0,0,0,KRW-BTC,2026-04-10 07:17:28.887000
0.6982180108829632,0.75737507525587,0.357219470792878,1661,31.44253709,112578978.02800001,1,7,0.23554283349303679,1,0,0,KRW-BTC,2026-04-10 07:21:29.395000
0.5275973188056238,0.5888429752066116,-0.02237616192882516,484,4.78713768,161429609.0834,1,7,0.03653762456042195,1,0,0,KRW-BTC,2026-04-10 07:49:52.766000
0.5357807378930364,0.6036036036036037,-0.06249009019092122,444,7.60959496,245497965.44000003,0,7,0.04052230233815694,0,0,0,KRW-BTC,2026-04-10 07:52:43.816000
0.4042244252720661,0.5995525727069351,-0.06249009019092122,447,10.08728028,178971354.914,0,7,0.04060097597418594,0,0,0,KRW-BTC,2026-04-10 07:52:43.946000
0.2398650723480987,0.48538754764930114,-0.5369027423053262,787,14.57948672,108190827.47520001,1,8,0.14255958448540323,1,1,0,KRW-BTC,2026-04-10 08:00:30.221000
0.32975177002265466,0.5156431054461182,-0.49216084711321567,863,18.62315008,146292122.42164,1,8,0.14707800076616084,1,1,0,KRW-BTC,2026-04-10 08:01:30.258000
0.3762050696111411,0.5167630057803468,-0.49216084711321567,865,20.01268438,132611526.864,1,8,0.1471981318359516,0,1,0,KRW-BTC,2026-04-10 08:01:30.357000
0.41260014109564924,0.5173210161662818,-0.49216084711321567,866,21.25490038,158916388.21682,1,8,0.14725745314589217,0,1,0,KRW-BTC,2026-04-10 08:01:30.377000
0.45740855957245635,0.5175936435868331,-0.3292173394016265,881,23.73704863,104505669.78152001,0,8,0.1430611647682349,0,1,0,KRW-BTC,2026-04-10 08:01:56.278000
0.6070139813919899,0.6408114558472554,-0.13371609174981067,838,19.17129565,134536618.956,1,8,0.061087986577250106,1,0,0,KRW-BTC,2026-04-10 08:09:01.048000
0.5371102852136383,0.6654478976234004,-0.16307403936269915,547,6.7949169,106526000.0,1,8,0.06413856197757124,0,1,1,KRW-BTC,2026-04-10 08:32:54.742000
0.5879600768984092,0.6504854368932039,-0.014053101988045495,412,4.44175979,106093120.854,0,8,0.05364172888915582,0,1,0,KRW-BTC,2026-04-10 08:51:44.578000
0.6169778934619882,0.8415529905561385,0.0862408369110782,953,7.63867521,102190969.9578,1,9,0.052596079576738126,1,1,1,KRW-BTC,2026-04-10 09:10:57.676000
0.43519890481605705,0.6726694915254238,-0.23490875058493213,944,7.0916519000000005,133170090.59789999,0,9,0.09414183720923046,0,1,1,KRW-BTC,2026-04-10 09:22:02.176000
0.5007548827817393,0.536144578313253,0.001863064741499767,332,5.87253842,106877770.39296001,0,11,0.01725764752447235,0,1,0,KRW-BTC,2026-04-10 11:30:50.988000
0.5646608514179129,0.6666666666666666,-0.01587346050776399,534,4.16759642,293830130.6104,1,12,0.021042784551549912,1,0,0,KRW-BTC,2026-04-10 12:03:56.791000
0.7987693190875683,0.6180811808118081,-0.02335008312629593,542,8.584729,159888985.5072,0,12,0.026435880387088634,1,0,0,KRW-BTC,2026-04-10 12:06:28.738000
0.33001099346250634,0.4143258426966292,-0.2639955064594645,712,7.04786105,101896378.76253,1,16,0.09595930919217065,0,1,1,KRW-BTC,2026-04-10 16:56:12.346000
0.4430189130530167,0.44638069705093836,-0.2639955064594645,746,8.37481083,146527225.74014997,1,16,0.09606396191257872,1,1,1,KRW-BTC,2026-04-10 16:57:39.698000
0.7221117048234719,0.7631578947368421,0.1998723819533068,532,3.38146452,172897758.88633,1,17,0.08074304546666135,1,0,1,KRW-BTC,2026-04-10 17:12:14.220000
0.696784257236487,0.7955625990491284,0.04012092259461073,631,4.5657445,102840877.25226,0,20,0.03255659130857165,1,1,1,KRW-BTC,2026-04-10 20:06:52.656000
0.6998434653944481,0.6571428571428571,-0.18570102135561745,735,6.24371537,128055564.125,1,22,0.05668436393253999,1,1,0,KRW-BTC,2026-04-10 22:07:59.857000
0.7456962671231554,0.6739409499358151,-0.18662952646239553,779,7.41974393,294667935.025,1,22,0.057712880295243796,1,1,0,KRW-BTC,2026-04-10 22:08:09.087000
0.7974597012704768,0.7082818294190358,-0.09474974919184037,809,10.64527291,115997794.38000001,0,22,0.051896370821163766,0,0,0,KRW-BTC,2026-04-10 22:09:46.297000
0.7463410855188685,0.7939560439560439,0.05022975461834689,364,2.97717742,322680000.0,1,22,0.02100102381576888,0,0,1,KRW-BTC,2026-04-10 22:28:27.326000
0.7102390454330132,0.7509433962264151,-0.07252508159071679,530,10.092817,107470000.0,0,22,0.05365440024153579,0,0,1,KRW-BTC,2026-04-10 22:33:31.947000
0.40116260810020704,0.5088161209068011,-0.46815348746481883,794,10.11540171,106731372.83706,1,22,0.14568519205312846,1,1,1,KRW-BTC,2026-04-10 22:41:15.976000
0.8845431395347226,0.8268698060941828,0.18697848352077695,722,7.73872586,100186045.635,1,23,0.04758155083412438,1,1,1,KRW-BTC,2026-04-10 23:03:45.882000
0.8600864363382921,0.7779141104294478,0.18308209884574636,815,12.30189231,166560399.08200002,1,23,0.06783672352044312,1,1,1,KRW-BTC,2026-04-10 23:07:26.393000
0.8835626610910086,0.7733333333333333,0.20903981047057182,825,14.95029893,244080533.6668,0,23,0.07414307704374207,0,1,1,KRW-BTC,2026-04-10 23:08:21.827000
0.7376577272491032,0.7521263669501823,0.2071778291851315,823,17.31145435,133041857.40140001,0,23,0.08008670919753914,0,1,1,KRW-BTC,2026-04-10 23:09:07.887000
0.6885441017688607,0.7512135922330098,0.2071778291851315,824,18.54492234,177335073.3434,0,23,0.0801550493758607,0,1,1,KRW-BTC,2026-04-10 23:09:07.970000
0.6322250254885357,0.7493946731234867,0.2071778291851315,826,20.1952289,136198654.2658,0,23,0.08029021234985577,0,1,1,KRW-BTC,2026-04-10 23:09:08.091000
0.539643798737236,0.7203456402199528,0.3655187769036663,1273,32.67227622,286230895.4904,0,23,0.12895851744223552,1,1,1,KRW-BTC,2026-04-10 23:16:37.456000
0.46243114573512234,0.7061933534743202,0.3794344663796942,1324,35.54240958,149990122.788,0,23,0.13007946974686221,1,1,0,KRW-BTC,2026-04-10 23:17:46.236000
0.46231824624437173,0.7037861915367484,0.41929499072356213,1347,38.59368126,108252000.0,1,23,0.13061068578354623,0,1,0,KRW-BTC,2026-04-10 23:18:01.189000
0.6534415013722836,0.6818181818181818,0.05544159228253035,1474,24.67271553,137120246.919,1,23,0.050220425691239176,1,1,0,KRW-BTC,2026-04-10 23:30:01.649000
0.5834852773286389,0.671919770773639,-0.0036899007416700495,698,10.55833746,120106092.00000001,0,23,0.034574577899621046,0,0,1,KRW-BTC,2026-04-10 23:42:55.076000
0.4894763839315441,0.6680911680911681,-0.004612375927087561,702,12.58689265,182731899.37782001,0,23,0.03459647132930306,0,0,1,KRW-BTC,2026-04-10 23:42:55.366000
0.3646277425014813,0.6225165562913907,-0.19279731375226006,755,16.90693674,140410526.4885,0,23,0.05227336032696693,0,0,1,KRW-BTC,2026-04-10 23:42:58.239000
0.22745560025557957,0.4845528455284553,-0.20567591747138522,615,22.62838745,108192191.206,1,23,0.13287650159080053,1,1,1,KRW-BTC,2026-04-10 23:48:01.726000
0.46779100730611495,0.44035087719298244,-0.09232757824762255,570,7.5583755,209889539.48520002,1,23,0.07978563606223885,1,1,0,KRW-BTC,2026-04-10 23:58:50.055000
0.7621742760276308,0.5088757396449705,0.08131132999464084,507,6.31913178,227830844.44962,0,0,0.0749024221322238,0,1,0,KRW-BTC,2026-04-11 00:04:58.100000
0.6228583298663954,0.6101694915254238,0.14306151645207438,472,10.80660392,120890692.4898,0,0,0.08453829156392179,0,0,0,KRW-BTC,2026-04-11 00:12:59.267000
0.6617745528539903,0.5442764578833693,-0.06454408822254801,463,7.53838134,109178310.00943,0,0,0.06646459807342084,1,1,0,KRW-BTC,2026-04-11 00:20:25.116000
0.6189954589868637,0.5724815724815725,0.03411333001419852,407,5.59279611,127358977.55372001,1,0,0.05815988580025042,1,0,0,KRW-BTC,2026-04-11 00:24:35.509000
0.5710858105361465,0.593198992443325,-0.15134177402089255,794,15.270289870000001,265403174.07999998,0,0,0.16021910493110272,0,0,0,KRW-BTC,2026-04-11 00:29:15.026000
0.49168978219269793,0.5914249684741488,-0.15779129102804257,793,17.70473754,134873043.102,0,0,0.16049367603480427,0,0,0,KRW-BTC,2026-04-11 00:29:15.166000
0.8693959387344534,0.7626262626262627,0.2138888888888889,198,1.7043975,100280131.10312,1,1,0.08097323705105787,1,1,1,KRW-BTC,2026-04-11 01:53:34.897000
0.8451781564042402,0.7799442896935933,0.16630940941680833,359,5.25134001,107100451.39791,0,2,0.0670605197617439,0,0,0,KRW-BTC,2026-04-11 02:02:00.275000
0.9019508852189845,0.9024390243902439,0.20784067395802544,369,2.20274141,122338313.27255,1,2,0.06483816842524091,1,1,0,KRW-BTC,2026-04-11 02:50:57.129000
0.7114093178633887,0.833810888252149,-0.12625448111251394,349,1.29349529,111061005.44868,0,3,0.03614009656897102,0,1,0,KRW-BTC,2026-04-11 03:03:26.066000
0.5126510429634026,0.6190476190476191,0.13125179084749836,210,3.68947773,140602072.58244002,1,4,0.05182135594842542,1,1,1,KRW-BTC,2026-04-11 04:50:18.316000
0.7628131600573965,0.8826086956521739,0.09216589861751152,460,3.25073558,105555655.28968999,0,5,0.035995474247006914,0,0,0,KRW-BTC,2026-04-11 05:19:21.196000
0.837761638642838,0.8190327613104524,0.012906556530717605,641,10.06901413,141605875.79999998,1,5,0.10996021860008387,1,0,1,KRW-BTC,2026-04-11 05:34:23.306000
0.7092700842014636,0.7633136094674556,0.13104466592838687,338,3.22550004,108484340.98363,1,5,0.06045771014974075,1,1,0,KRW-BTC,2026-04-11 05:48:35.296000
0.7394152256811259,0.8548387096774194,0.04427635826953233,310,1.93741789,228349164.06021997,1,6,0.01997797861717458,1,1,0,KRW-BTC,2026-04-11 06:56:53.386000
0.5095975185745536,0.8187311178247734,0.0018425028558794266,662,4.89428928,120270073.82906,0,7,0.02451858238251838,0,0,0,KRW-BTC,2026-04-11 07:08:11.336000
0.8692655701435223,0.799347471451876,0.004624491305956345,613,10.90179107,292817448.28125,1,8,0.050296971549823655,1,1,1,KRW-BTC,2026-04-11 08:13:19.816000
0.5491495680062213,0.7752100840336135,-0.004617444706099645,476,2.02975138,104711442.0272,0,8,0.01333123397396188,0,1,0,KRW-BTC,2026-04-11 08:32:12.629000
0.7738001949377599,0.8078231292517006,0.03229407911126694,588,3.37573829,136787755.39794,0,11,0.013174412353715028,1,1,1,KRW-BTC,2026-04-11 11:12:43.176000
0.40157077021802834,0.5555555555555556,-0.035931784888381134,405,3.43859833,111163409.17500001,0,11,0.014523449404541328,0,0,0,KRW-BTC,2026-04-11 11:45:20.616000
0.5994031809778186,0.7506172839506173,0.012011901021935579,405,1.34758161,200048612.73664,0,14,0.008986486383420764,0,0,1,KRW-BTC,2026-04-11 14:13:01.080000
0.5694117576221902,0.7037037037037037,0.13881048666956625,243,2.18559853,196031572.94479,0,15,0.044304333536095516,0,0,1,KRW-BTC,2026-04-11 15:24:49.666000
0.5529602555633868,0.6511627906976745,0.06742340977731803,387,2.89779068,101420818.4,0,16,0.03305432494858469,1,1,0,KRW-BTC,2026-04-11 16:31:16.276000
0.6225847347202543,0.5470459518599562,0.32090111251884257,457,7.18814574,115216608.0,0,18,0.08227112504525472,0,0,0,KRW-BTC,2026-04-11 18:24:42.515000
0.6753530858933552,0.6666666666666666,0.0009219223925729933,261,2.55228702,171894335.38365,1,18,0.003980415622015516,1,1,0,KRW-BTC,2026-04-11 18:59:17.917000
0.46435859828635795,0.5344262295081967,-0.08020576928395608,305,3.47708839,122105051.3136,1,19,0.03741837541948453,0,1,1,KRW-BTC,2026-04-11 19:23:00.515000
0.7050542126129294,0.8553459119496856,0.019358585532683745,318,2.94744067,111267734.96276,1,21,0.011857288282091826,1,1,0,KRW-BTC,2026-04-11 21:42:19.608000
0.8735489936288492,0.8827586206896552,0.049780137725047705,435,6.83133908,113554452.2424,1,21,0.022303548329742573,1,1,0,KRW-BTC,2026-04-11 21:44:05.146000
0.409893185691992,0.6946778711484594,-0.17313146940730098,714,3.74445704,101295261.292,0,22,0.049023607047944555,0,0,0,KRW-BTC,2026-04-11 22:09:20.805000
0.27772559619896414,0.6428571428571429,-0.03139572464102682,392,2.86834109,133086675.26259,1,23,0.0398691627674098,0,0,1,KRW-BTC,2026-04-11 23:04:07.304000
0.7603284756952673,0.519774011299435,0.0018438957830103442,177,1.52193417,273060266.4126,1,1,0.012877816952066879,0,0,1,KRW-BTC,2026-04-12 01:16:27.375000
0.9087610459355338,0.5520833333333334,0.0018438957830103442,192,4.07404229,100038694.65084,1,1,0.012655001943288342,0,0,1,KRW-BTC,2026-04-12 01:17:18.734000
0.9521545983792037,0.7809076682316118,0.23449353993287048,639,7.51238204,113405060.60000001,1,3,0.07406866031014578,1,1,1,KRW-BTC,2026-04-12 03:36:35.850000
0.9693212291956488,0.8043775649794802,0.3264517908869373,731,12.50318991,116340089.83600001,1,3,0.09115219236434612,1,0,1,KRW-BTC,2026-04-12 03:36:37.134000
0.5404982207209564,0.6792452830188679,-0.05945085700696947,265,2.48429221,154501230.357,0,4,0.04709756948115231,0,0,0,KRW-BTC,2026-04-12 04:19:09.034000
0.2615420780853849,0.6594982078853047,-0.12530296794256185,279,5.19738747,163071424.06118,0,4,0.04595807086904595,0,0,0,KRW-BTC,2026-04-12 04:19:16.644000
0.3873884784331255,0.44021739130434784,0.17692300640772962,368,3.94551933,155369036.704,1,4,0.06526440724191251,1,1,0,KRW-BTC,2026-04-12 04:31:48.584000
0.6600461776632198,0.710079275198188,-1.9352587995519892,883,6.81624666,166589338.59151,1,5,0.9382628526349598,0,0,1,KRW-BTC,2026-04-12 05:26:45.505000
0.3588403961993454,0.6595905989385898,-1.8165613054983827,1319,15.79823323,122891012.614,1,5,0.8662892531899934,1,1,1,KRW-BTC,2026-04-12 05:35:41.404000
0.34701379470209825,0.6547256097560976,-0.08453473734505794,1312,15.61739228,107427851.23536,1,5,0.861432507827007,0,1,1,KRW-BTC,2026-04-12 05:37:00.454000
0.6431652849123132,0.5761589403973509,0.15719945945449032,302,2.34182257,103825969.2815,0,5,0.06667666974226374,0,0,0,KRW-BTC,2026-04-12 05:54:19.945000
0.10012461498007837,0.5945017182130584,-0.17712922173274598,582,7.19539768,232505010.74265,1,6,0.05975377385727936,1,1,1,KRW-BTC,2026-04-12 06:03:54.705000
0.21460710369343397,0.7466367713004485,-0.05323005479024605,446,1.5849109,101878267.52553,0,6,0.024400553701931935,0,0,1,KRW-BTC,2026-04-12 06:25:00.435000
0.3492745686612191,0.6632653061224489,-0.031231628453850677,392,3.23112092,183846939.08380002,1,6,0.030970623958971866,1,1,1,KRW-BTC,2026-04-12 06:33:24.465000
0.6832201513086156,0.7427385892116183,0.06244662191325429,241,2.62305749,121209502.13980001,1,6,0.021049610183769527,1,1,1,KRW-BTC,2026-04-12 06:53:07.185000
0.20847390469036317,0.45155038759689925,-0.02659550077493787,516,6.65177108,105070569.75884001,1,7,0.037240535773023296,0,0,0,KRW-BTC,2026-04-12 07:29:25.956000
0.5642604245489192,0.5953237410071942,-0.2834550324734892,556,5.8820226600000005,152789476.7322,0,7,0.08526268811627762,1,1,0,KRW-BTC,2026-04-12 07:39:08.984000
0.48051901977167144,0.687292817679558,-0.06079251330987603,905,6.69374443,273012296.06,1,9,0.043541701099155165,1,1,1,KRW-BTC,2026-04-12 09:10:55.815000
0.6224777345395924,0.6876379690949227,-0.06079251330987603,906,9.20998679,143764196.94,1,9,0.04351987153497841,1,1,1,KRW-BTC,2026-04-12 09:10:55.915000
0.19768342250038992,0.34584450402144773,-0.7530980132206448,2238,33.54479137,183855051.688,0,10,0.3721821336787648,0,0,0,KRW-BTC,2026-04-12 10:37:47.437000
0.27529893725131643,0.36960757027553576,-1.3915639889043507,3593,60.89190614,106891133.92,0,10,0.33490370307292205,0,0,0,KRW-BTC,2026-04-12 10:43:27.544000
0.2791595099187901,0.36682365253793825,-1.4588026738560402,3822,64.49623218,178305429.90384,1,10,0.34746546673586887,1,0,1,KRW-BTC,2026-04-12 10:44:01.774000
0.3274282045088903,0.37335058214747735,-1.4139268562984855,3865,69.43599051,196294231.45728,1,10,0.3522345739919892,1,0,1,KRW-BTC,2026-04-12 10:44:10.955000
0.34872603504266564,0.3748388759989688,-1.3345031400073881,3879,71.7701104,103741416.31266001,1,10,0.35373411744288696,0,0,1,KRW-BTC,2026-04-12 10:44:11.635000
0.3602599145612025,0.3859514687100894,-1.1286639982991469,3915,75.5969779,150881848.24310002,0,10,0.33609321289188515,0,0,0,KRW-BTC,2026-04-12 10:44:52.994000
0.5013723674211081,0.4916446789797713,-0.890552160912282,3411,67.34867241,173801038.90628,1,10,0.3124771415563918,0,0,1,KRW-BTC,2026-04-12 10:47:41.475000
0.5129939123025308,0.492091388400703,-0.8859090318147207,3414,69.01173269,115231989.18984,1,10,0.31232357827346,0,0,1,KRW-BTC,2026-04-12 10:47:41.695000
0.5553998433161551,0.5043772945495623,-1.0608894720678967,3541,70.05231878000001,127580400.0,1,10,0.30102836374004377,0,1,1,KRW-BTC,2026-04-12 10:49:16.474000
0.5688168560313339,0.5072951739618407,-1.0608894720678967,3564,72.24021479,107762299.87724999,1,10,0.30367911757692173,0,1,1,KRW-BTC,2026-04-12 10:49:17.604000
0.5769257317881996,0.5097607918614242,-1.1615049387189995,3637,74.05811701,111334275.1356,1,10,0.3078209012461315,0,1,1,KRW-BTC,2026-04-12 10:49:28.605000
0.5873014965218687,0.5140411874832843,-1.269856014862982,3739,77.17671997,145179637.15032,1,10,0.31542551948584524,0,1,1,KRW-BTC,2026-04-12 10:49:36.405000
0.5956034209006249,0.5168927906358074,-1.2614955875522527,3759,78.78951432,100000000.814,1,10,0.3165846422569294,0,1,1,KRW-BTC,2026-04-12 10:49:38.925000
0.6423357802192634,0.5396188565697091,-1.100893546197547,3988,89.84191924,116359039.99999999,1,10,0.30221191115789414,1,1,1,KRW-BTC,2026-04-12 10:50:46.334000
0.7573598878853142,0.721399730820996,0.35921499299436727,2229,49.98882299,107024268.6072,0,10,0.1145947602750771,0,0,1,KRW-BTC,2026-04-12 10:59:46.465000
0.7227855005300398,0.7195505617977528,0.3885047739993415,2225,51.73543833,150929948.491,0,10,0.11413757750429107,0,0,1,KRW-BTC,2026-04-12 10:59:50.254000
0.7035127261407086,0.7192273135669363,0.3856827054230751,2226,53.14976573,289529672.3795,0,10,0.11417378228633168,0,0,1,KRW-BTC,2026-04-12 10:59:50.265000
0.46997305269098283,0.6855203619909502,-0.16411737674785007,1768,28.10946598,106424522.44276999,0,11,0.07680220107275941,1,1,1,KRW-BTC,2026-04-12 11:05:11.129000
0.6405077138340542,0.7391304347826086,0.31995045928372384,1104,20.044637390000002,106232293.7676,1,11,0.13584939208516666,0,0,1,KRW-BTC,2026-04-12 11:19:22.845000
0.6396875071067121,0.7319587628865979,0.02995441312752155,1067,17.26407923,144736987.52352,1,11,0.08376128013897094,1,1,1,KRW-BTC,2026-04-12 11:21:39.265000
0.7812260595552708,0.6810551558752997,-0.1251938636321169,834,15.51524667,139545515.51447,1,11,0.05529956909991396,0,1,1,KRW-BTC,2026-04-12 11:27:57.917000
0.6594881614951169,0.717037037037037,0.16188043305355154,675,10.58879411,180375031.27384,1,11,0.06274632110457488,1,1,0,KRW-BTC,2026-04-12 11:34:08.265000
0.46987381579288967,0.6346396965865992,0.2553740809339395,791,18.68217879,134079156.32625,0,11,0.0943616755299039,0,1,0,KRW-BTC,2026-04-12 11:39:18.255000
0.34139997117817916,0.5678571428571428,0.18708723877944286,840,25.12823998,101575536.8,0,11,0.08483357119715632,0,1,0,KRW-BTC,2026-04-12 11:40:05.594000
0.5849418437231267,0.70193401592719,0.03277153558052435,879,6.41937797,107189677.09449999,0,12,0.06773776308836864,0,0,1,KRW-BTC,2026-04-12 12:19:57.676000
0.40446122287692,0.5427728613569321,0.03744722282033759,339,3.75104086,117250284.21104,1,12,0.015592659825481074,0,0,0,KRW-BTC,2026-04-12 12:47:37.415000
0.3742977274079851,0.5729166666666666,-0.030939143642005982,384,2.66402977,111958179.3968,0,13,0.027634390115436447,1,0,1,KRW-BTC,2026-04-12 13:53:47.745000
0.20378040355418142,0.5113636363636364,-0.0112198816302488,264,3.70334489,192552041.13801,0,15,0.0036179990353693747,1,0,0,KRW-BTC,2026-04-12 15:48:25.106000
0.2191266362669549,0.5033783783783784,-0.10187011093561622,296,2.73468006,105329406.0,0,17,0.03511468576161083,0,0,0,KRW-BTC,2026-04-12 17:53:35.174000
0.41474384552605853,0.5604395604395604,-0.07415821044034958,455,3.97955264,106593354.086,0,21,0.0131078401086106,1,0,0,KRW-BTC,2026-04-12 21:00:36.831000
0.449307186996109,0.6693613581244947,-0.13330329315459427,1237,9.19201478,106382000.0,1,21,0.0407716499776847,0,0,0,KRW-BTC,2026-04-12 21:06:45.644000
0.7396508289529454,0.731023102310231,-0.07142655752187438,1212,15.62084042,106323875.04946999,1,21,0.023792395805938404,1,1,1,KRW-BTC,2026-04-12 21:15:08.025000
0.27148043935128047,0.4755639097744361,-0.3144506500211198,532,5.42480578,170532073.08,0,21,0.08760917661170281,0,0,0,KRW-BTC,2026-04-12 21:52:47.866000
0.20402997634826248,0.47026022304832715,-0.3144506500211198,538,7.22092518,164072689.596,0,21,0.09028635231473645,0,0,0,KRW-BTC,2026-04-12 21:52:48.054000
0.3967373209439958,0.6805111821086262,-0.028322995439997736,626,3.44627232,117326120.00000001,0,22,0.011395689696484105,0,0,0,KRW-BTC,2026-04-12 22:31:49.147000
0.2900835096770735,0.4382716049382716,-0.1854287092837343,486,3.38663134,106136672.15065001,1,23,0.04175570047951075,1,0,1,KRW-BTC,2026-04-12 23:55:34.916000
0.08413003206836067,0.271523178807947,-0.0850894857758743,151,1.6682367200000001,522703908.46737,0,7,0.0521951974245018,0,1,1,KRW-BTC,2026-04-13 07:36:25.766000
0.6285829618520437,0.7120315581854043,0.0028368794326241137,507,4.44129325,105753000.0,1,7,0.025640988762839594,1,0,0,KRW-BTC,2026-04-13 07:55:33.385000
0.5767864971247794,0.6581986143187067,0.10803946283537251,433,3.8912073,231860143.2048,1,8,0.026249856604058323,1,0,1,KRW-BTC,2026-04-13 08:44:55.998000
0.7563471241894995,0.8445901639344262,0.38528167214138986,1525,11.59889454,318132000.0,1,9,0.11577319729156067,0,0,1,KRW-BTC,2026-04-13 09:12:12.496000
0.5873184958262315,0.8416149068322981,0.034894796902851,966,6.85673044,120341404.53279999,1,9,0.013992302975067192,1,1,1,KRW-BTC,2026-04-13 09:24:58.136000
0.7679934133671539,0.6575091575091575,0.2333634447455586,546,4.06221093,130519386.34079999,1,9,0.06670322762974892,0,0,0,KRW-BTC,2026-04-13 09:54:52.158000
0.6958493894417302,0.6082474226804123,0.2305339920018819,582,6.43105542,146010067.9928,0,9,0.07447239423014203,0,0,0,KRW-BTC,2026-04-13 09:55:22.287000
0.5683300955860193,0.5874587458745875,0.20696142991533398,606,7.89426205,134179293.17320001,0,9,0.07715360447321779,0,0,0,KRW-BTC,2026-04-13 09:55:26.851000
0.6163977867232174,0.6143617021276596,0.17896164569361767,376,4.17435783,123159352.24633001,0,11,0.06584664369002266,1,0,0,KRW-BTC,2026-04-13 11:32:51.576000
0.35245321361151694,0.716024340770791,-0.07629058235144529,493,1.71974054,147431624.11992002,1,12,0.04416403905221942,0,1,0,KRW-BTC,2026-04-13 12:03:07.237000
0.6736841595502421,0.7183098591549296,-0.07629058235144529,497,3.41363958,103235168.41596,1,12,0.04435170248384067,1,1,0,KRW-BTC,2026-04-13 12:03:07.486000
0.8074637667170974,0.7620481927710844,-0.005666257436962886,332,2.07864887,111288228.29976001,1,13,0.0019750122596128056,1,1,1,KRW-BTC,2026-04-13 13:20:33.067000
0.48451502378183914,0.5747422680412371,0.0,388,2.66931433,152237065.87033,1,17,0.022416890094496073,1,1,0,KRW-BTC,2026-04-13 17:25:01.478000
0.5879045095319055,0.45953360768175583,-0.1760963417405135,729,5.28094646,145440865.35843998,1,17,0.054788644195960565,1,1,1,KRW-BTC,2026-04-13 17:48:01.057000
0.6278595028910522,0.5462555066079295,-0.04265362413626411,681,8.33283433,339975649.07280004,1,17,0.01999292717836197,1,1,1,KRW-BTC,2026-04-13 17:55:04.286000
0.18867066169439223,0.4277286135693215,-0.008514744699571425,339,2.25630266,101006977.3,0,18,0.017333206611323426,0,1,0,KRW-BTC,2026-04-13 18:50:27.786000
0.8054344339633268,0.7337110481586402,-0.01040730403519561,353,5.03394751,268421957.61383998,1,20,0.011800312918523785,1,1,1,KRW-BTC,2026-04-13 20:30:30.386000
0.2973508665088544,0.4617283950617284,-0.03116294442608244,405,4.52337138,191218530.6,0,21,0.030242248206760934,0,0,1,KRW-BTC,2026-04-13 21:31:15.495000
0.21240443329134337,0.458128078817734,-0.03116294442608244,406,6.3288544700000005,152574655.5338,0,21,0.03050641202302338,0,0,1,KRW-BTC,2026-04-13 21:31:17.080000
0.7345316418024908,0.6933333333333334,0.594311589075987,975,17.26481299,142248721.63665,0,22,0.27850548220698695,0,0,0,KRW-BTC,2026-04-13 22:51:01.486000
0.48162010008843026,0.612432847275518,0.2167975898865332,1303,16.92567181,273621421.6164,0,23,0.12404447335719947,0,0,1,KRW-BTC,2026-04-13 23:01:58.536000
0.5827352742998927,0.5596026490066225,0.1592505854800937,604,6.13565217,107075140.23084001,0,23,0.06356592726939991,1,1,1,KRW-BTC,2026-04-13 23:38:16.686000
0.7710364683797387,0.6872727272727273,0.5977956286194657,825,12.1314833,129240000.0,0,0,0.22749298821481287,0,0,0,KRW-BTC,2026-04-14 00:00:11.626000
0.6331968372328801,0.6773809523809524,0.5977956286194657,840,14.77002568,129240000.0,0,0,0.2303215886974203,0,0,0,KRW-BTC,2026-04-14 00:00:12.806000
0.5667525623523803,0.6732101616628176,0.641978077429845,866,16.70683271,104899800.0,0,0,0.23492667386614555,0,0,0,KRW-BTC,2026-04-14 00:00:16.326000
0.5354637440778073,0.6724336793540946,0.641978077429845,867,17.68083271,155223691.23,0,0,0.23506961869991788,0,0,0,KRW-BTC,2026-04-14 00:00:16.357000
0.466557090080839,0.5360281195079086,-0.3727865796831314,569,7.15320953,224958220.931,1,0,0.09298132711320901,1,0,0,KRW-BTC,2026-04-14 00:13:23.296000
0.6639444607186412,0.5752066115702479,-0.3709295606628269,605,10.24369712,127509229.61999999,1,0,0.1061581438159945,1,1,0,KRW-BTC,2026-04-14 00:14:12.056000
0.5704317659574872,0.6262376237623762,-0.02337672052663076,404,6.11084376,138347708.53963,1,0,0.03868091146700646,1,0,0,KRW-BTC,2026-04-14 00:27:26.176000
0.7086140669747991,0.675531914893617,0.236938088264102,376,6.39069435,118320576.4533,0,1,0.07806169960109073,0,0,0,KRW-BTC,2026-04-14 01:32:04.736000
0.5978454911194709,0.671957671957672,0.22014720011940186,378,7.57711618,151817627.63637,0,1,0.07616976115982724,0,0,0,KRW-BTC,2026-04-14 01:32:17.606000
0.6274563163931387,0.9107373868046572,0.03447055096983361,773,2.48039271,113676960.08375,1,2,0.032115755443926836,1,1,1,KRW-BTC,2026-04-14 02:09:56.526000
0.9513672356658507,0.8991596638655462,0.06788992532108215,357,4.01222767,120371480.85599999,1,4,0.050830866206849894,1,1,1,KRW-BTC,2026-04-14 04:16:44.896000
0.7645870471959778,0.7098039215686275,0.3685172980348838,765,12.95569158,202218449.84663,0,4,0.10772627502002531,1,1,1,KRW-BTC,2026-04-14 04:29:05.406000
0.7702782077889234,0.7715846994535519,0.3703703703703704,915,20.37069295,114687200.0,1,4,0.11417803995183314,0,0,1,KRW-BTC,2026-04-14 04:34:33.746000
0.5995368233914582,0.7554858934169278,0.05996586558420591,319,4.9848881800000004,148938058.87398,0,5,0.015753699491867428,0,0,1,KRW-BTC,2026-04-14 05:50:26.397000
0.47003939018026814,0.753125,0.043359933576271964,320,6.35832337,154527210.52172002,0,5,0.01573153806852342,0,0,1,KRW-BTC,2026-04-14 05:50:26.405000
0.3642497193129126,0.7484472049689441,0.043359933576271964,322,8.20506829,135891426.5932,0,5,0.015687489785277096,0,0,1,KRW-BTC,2026-04-14 05:50:26.529000
0.7457613108444163,0.8178217821782178,-0.04797756126365515,505,3.82920276,103619605.66608,0,6,0.03380055496147342,1,1,1,KRW-BTC,2026-04-14 06:05:29.286000
0.5942099660498854,0.8167641325536062,-0.0489006578522462,513,4.78210789,128855395.59660001,1,6,0.035907083354531584,1,1,1,KRW-BTC,2026-04-14 06:05:57.916000
0.8247224016502083,0.8655126498002663,0.25570961726639957,751,9.61524241,147501739.19072002,0,6,0.0623409464744153,1,0,0,KRW-BTC,2026-04-14 06:15:55.287000
0.6762033900662471,0.6653919694072657,-0.014746407867208598,523,5.08137996,212772149.1264,0,6,0.05406850186302879,1,0,1,KRW-BTC,2026-04-14 06:51:02.476000
0.554948639295776,0.766497461928934,0.20165374486657706,985,11.53227443,135539897.99994,1,7,0.08352385708117509,1,1,1,KRW-BTC,2026-04-14 07:13:59.437000
0.6987933324571519,0.780367231638418,0.5027531721331099,1416,20.57467797,201424099.943,0,7,0.1792637773621681,1,1,1,KRW-BTC,2026-04-14 07:14:58.396000
0.6426064610149629,0.7652582159624414,0.5616839468886392,1491,24.57517814,101735702.79775,1,7,0.1934080446911702,1,1,1,KRW-BTC,2026-04-14 07:15:18.226000
0.6513911782822245,0.7541720154043645,0.49444782056239983,1558,26.08230943,109143000.0,1,7,0.20206881485376116,1,1,1,KRW-BTC,2026-04-14 07:15:46.395000
0.6538989102053585,0.7010443864229765,0.9310627179303175,2298,44.40917045,158113417.3295,0,7,0.40118683974945046,1,0,0,KRW-BTC,2026-04-14 07:18:24.926000
0.612579159435275,0.6868312757201646,1.0459153140047692,2430,50.21376334,291172042.8276,0,7,0.39093919385225157,0,0,0,KRW-BTC,2026-04-14 07:19:32.786000
0.586382520294004,0.6690756941802967,0.9317972350230415,2629,56.08734619,126152023.25805001,1,7,0.36454314901842166,0,1,1,KRW-BTC,2026-04-14 07:20:53.386000
0.47922689180702704,0.5533240997229917,-0.22698268003646307,1444,36.526696799999996,104309650.91502,1,7,0.07529973718989616,1,1,1,KRW-BTC,2026-04-14 07:30:03.548000
0.5062764508413489,0.6005567153792624,0.21284759016333543,1437,33.35983909,122330122.20732,0,7,0.07357542225830951,0,0,1,KRW-BTC,2026-04-14 07:32:09.636000
0.7867538040605406,0.763049853372434,0.37045147633125297,1705,34.63754142,132000000.0,0,7,0.15822412555648394,1,1,0,KRW-BTC,2026-04-14 07:55:26.898000
0.6453126712422302,0.6839714471122648,-0.017267703940671807,1541,26.73924173,208883896.284,1,8,0.07515769734964164,1,1,1,KRW-BTC,2026-04-14 08:09:12.959000
0.7602624799416254,0.7344729344729345,0.25197853179295915,1755,31.89992996,132248400.0,0,8,0.12165949615817273,0,0,0,KRW-BTC,2026-04-14 08:10:56.214000
0.6908997208143985,0.6468984321745058,0.13460419091967404,1467,30.75881505,154696747.074,0,8,0.06771712792468663,0,0,0,KRW-BTC,2026-04-14 08:17:28.131000
0.6504198947027093,0.6392447741065408,0.08004730067767317,1483,32.67294515,103024636.51866,0,8,0.06735100606853811,0,1,0,KRW-BTC,2026-04-14 08:17:30.341000
0.5104755834219856,0.5520833333333334,-0.06900120752113162,1152,23.86111142,101516550.76932001,1,8,0.0714296849152328,0,1,0,KRW-BTC,2026-04-14 08:24:42.172000
0.586200687961706,0.6335642802155504,-0.37423925878826414,1299,21.09553169,101930344.98322,1,8,0.12034397258651336,1,1,0,KRW-BTC,2026-04-14 08:47:21.612000
0.6943497823438659,0.6416732438831886,-0.16278942869095472,1267,22.20901269,102500265.84617999,1,8,0.07194872950610932,0,1,0,KRW-BTC,2026-04-14 08:50:08.014000
0.7087927560129342,0.6432517758484609,-0.18456558897334255,1267,23.12169838,109785000.0,1,8,0.07142349501865751,0,1,0,KRW-BTC,2026-04-14 08:50:10.440000
0.5992460122505491,0.71968787515006,-0.27958144744870544,1666,16.16468294,112752150.0,1,9,0.10839607915642172,0,1,1,KRW-BTC,2026-04-14 09:10:44.266000
0.6021549257023843,0.7053918843802113,-0.39242108330070746,1799,21.5213365,125074348.452,1,9,0.1386848434677871,1,1,1,KRW-BTC,2026-04-14 09:12:28.066000
0.4700329481021885,0.5652892561983471,0.10448561278540473,605,6.7965497,180952986.771,0,11,0.04614963660445427,0,0,0,KRW-BTC,2026-04-14 11:24:10.650000
0.5939873319209901,0.7251184834123223,-0.06735109946119121,633,3.95144907,219172548.64128,1,12,0.023445302291509887,1,1,1,KRW-BTC,2026-04-14 12:06:56.329000
0.5311526917241642,0.6693163751987281,-0.07110300820419325,629,4.09464889,614052693.96741,0,14,0.030079698764829715,1,1,1,KRW-BTC,2026-04-14 14:50:10.389000
0.22435936684980287,0.6682539682539682,-0.08113035551504102,630,9.6967572,165823183.99962,0,14,0.030135355140259452,1,1,1,KRW-BTC,2026-04-14 14:50:10.556000
0.6787447666586868,0.6779141104294478,0.08195825592831385,326,2.57297587,109902000.0,1,15,0.03311597623842573,0,0,1,KRW-BTC,2026-04-14 15:42:12.012000
0.6797346750826005,0.6462585034013606,-0.0027296798085584563,294,3.3793728,102919659.738,0,15,0.02943384738333164,1,0,1,KRW-BTC,2026-04-14 15:44:57.646000
0.7287467154329563,0.740625,0.0800859103401831,320,2.78381269,301046337.9553,0,15,0.02758855563778251,1,1,1,KRW-BTC,2026-04-14 15:56:09.546000
0.7748133303882718,0.7424460431654676,0.11999781822148688,695,10.52592245,127196811.71716,1,16,0.05032040194979806,1,1,0,KRW-BTC,2026-04-14 16:09:16.087000
0.8342749517764033,0.7600487210718636,0.19453484355398798,821,13.76711413,135074610.0,1,16,0.07012988039362177,0,1,0,KRW-BTC,2026-04-14 16:09:43.836000
0.5551798905158257,0.616,-0.005445337883215654,500,6.0895372199999995,156565335.73481998,0,16,0.024706354623524395,1,1,0,KRW-BTC,2026-04-14 16:23:02.937000
0.3434132087499662,0.5566037735849056,-0.08235815843537599,742,10.11475613,220802000.0,0,18,0.029482536168209537,0,0,0,KRW-BTC,2026-04-14 18:03:33.916000
0.27111494332177205,0.5479082321187584,-0.08687940053213633,741,12.23115696,101915013.88688,0,18,0.029063671589749575,0,0,0,KRW-BTC,2026-04-14 18:03:39.676000
0.25252876403345653,0.4298440979955457,-0.0761235013185678,449,4.88146205,110263000.0,1,18,0.032985588061223814,0,0,0,KRW-BTC,2026-04-14 18:22:59.266000
0.35278929149880933,0.4734607218683652,-0.13527622679195606,471,5.12919716,148381308.08850002,0,18,0.03713418091530713,0,0,0,KRW-BTC,2026-04-14 18:43:55.177000
0.27828126699092876,0.4714587737843552,-0.1361841209314994,473,6.50334088,111723307.437,0,18,0.03725916189815227,0,0,0,KRW-BTC,2026-04-14 18:43:55.296000
0.23568550560625082,0.4010600706713781,-0.23878916641698217,566,7.89846184,109897000.0,1,18,0.05728750351064639,1,0,1,KRW-BTC,2026-04-14 18:50:04.626000
0.5636249228240074,0.47783251231527096,0.0591715976331361,609,4.93951924,101406642.5242,1,19,0.021204905923089667,1,1,1,KRW-BTC,2026-04-14 19:07:30.468000
0.5112565020606599,0.5798687089715536,0.022780081097088706,457,4.35256069,100197129.5412,1,20,0.019328628315107007,1,0,1,KRW-BTC,2026-04-14 20:20:16.741000
0.33894799250715807,0.4385026737967914,0.04376327714006984,561,10.22265663,242617837.78645,1,21,0.02625865459692841,0,0,1,KRW-BTC,2026-04-14 21:31:53.306000
0.3927783947637835,0.634493670886076,0.09450507510427363,632,7.17275202,137424387.6,0,22,0.04691769904554234,1,1,1,KRW-BTC,2026-04-14 22:20:43.446000
0.6932625697709904,0.6666666666666666,0.5303498129245523,1059,14.90401015,102639148.137,1,22,0.10870282847613895,1,1,1,KRW-BTC,2026-04-14 22:42:14.236000
0.7390477377892948,0.7243549402139711,0.37584474720826855,1589,20.78106494,101225456.442,1,22,0.05908938167151637,0,0,1,KRW-BTC,2026-04-14 22:59:50.926000
0.5419090372616743,0.6733416770963705,0.1369616147053523,1598,27.67399882,219894365.7036,0,23,0.05207190688500005,1,1,1,KRW-BTC,2026-04-14 23:06:17.666000
0.44370347861427584,0.5868226600985221,0.27568064289446653,1624,30.07319171,167954257.45542,0,23,0.10109178931914996,0,0,1,KRW-BTC,2026-04-14 23:08:11.726000
0.415971067742677,0.5294117647058824,0.1846514141596109,1394,27.58953274,142476749.1315,1,23,0.09940044992496291,1,1,1,KRW-BTC,2026-04-14 23:13:15.916000
0.4461860991729476,0.5317630264097074,0.24590163934426232,1401,29.02431663,167572743.81484002,1,23,0.09881717765885198,1,1,0,KRW-BTC,2026-04-14 23:13:19.576000
0.5814107365277554,0.5187165775401069,0.04672057502246182,1309,26.28057816,106607929.32696,1,23,0.06546491109918169,1,1,0,KRW-BTC,2026-04-14 23:17:06.636000
0.6166857135480561,0.5223993925588458,0.06829496234790892,1317,28.69530507,107248338.57789999,1,23,0.06547278230354614,1,1,0,KRW-BTC,2026-04-14 23:17:07.745000
0.6895656269468179,0.627677100494234,0.1230277396122381,1214,21.42820224,111489000.0,0,23,0.06763699948596785,1,1,0,KRW-BTC,2026-04-14 23:24:25.298000
0.6350965804408568,0.666168782673637,0.38998616178135614,1339,17.29021689,111720000.0,1,23,0.11010145764547506,1,0,0,KRW-BTC,2026-04-14 23:29:07.806000
0.6711019332704196,0.6524691358024691,0.4287380034083774,1620,22.76464901,111985000.0,1,23,0.14495286661998544,0,0,0,KRW-BTC,2026-04-14 23:32:20.476000
0.4651767896095771,0.4894351013367831,-0.4278476933817869,2319,39.58225791,127236501.01105,1,23,0.2133763174827169,0,1,0,KRW-BTC,2026-04-14 23:39:13.698000
0.5103431722515063,0.4534198113207547,-0.3315679579894436,1696,31.68655845,108328280.0,0,23,0.1684547476781112,0,0,0,KRW-BTC,2026-04-14 23:45:16.635000
0.5058662101634742,0.5396440129449838,-0.31014023732470336,1236,22.65623161,108643831.5,1,23,0.10113119719660155,0,1,0,KRW-BTC,2026-04-14 23:50:02.996000
0.5771999706532892,0.616822429906542,-0.2519821092702418,1284,20.86386217,100780257.66973,1,23,0.14502842202427155,1,0,0,KRW-BTC,2026-04-14 23:51:58.346000
0.6879197719570848,0.6257889990982868,-0.050448632481712365,1109,19.58475725,104927909.37444,1,23,0.09290197551807927,0,0,0,KRW-BTC,2026-04-14 23:56:14.676000
0.7180076108526727,0.6164747564216121,-0.2637002637002637,1129,22.27212089,159785999.63406,1,23,0.08929136678313858,0,0,0,KRW-BTC,2026-04-14 23:57:20.096000
0.7139199663574717,0.5638095238095238,-0.30494681474932106,1050,25.35381813,173751772.4,1,0,0.14233648079567301,1,0,1,KRW-BTC,2026-04-15 00:01:33.186000
0.7258560163965656,0.5620229007633588,-0.2435965679950198,1048,26.48539132,176155439.4,1,0,0.1435145242034044,1,0,1,KRW-BTC,2026-04-15 00:01:34.896000
0.7467646984770484,0.5630331753554503,-0.23908552043955647,1055,28.70262587,107694296.99171999,1,0,0.14370505557503835,1,0,1,KRW-BTC,2026-04-15 00:01:35.268000
0.4926194230223895,0.4990234375,-0.28082024795254046,1024,17.74127916,150736294.0764,0,0,0.17743418454313778,0,0,1,KRW-BTC,2026-04-15 00:12:06.386000
0.44291627728395316,0.4902867715078631,-0.15194132170861632,1081,25.79416807,108923794.128,0,0,0.11652459186972622,0,1,1,KRW-BTC,2026-04-15 00:15:19.706000
0.8086138362991829,0.6263565891472869,0.4586243079929081,645,13.34887198,163514437.2,0,0,0.15899767163731754,1,1,1,KRW-BTC,2026-04-15 00:39:49.166000
0.23158867581036438,0.4639175257731959,-0.18264758014449853,291,4.72663862,107283667.215,0,1,0.053971124220997146,0,0,0,KRW-BTC,2026-04-15 01:50:38.896000
0.36834518350607,0.574390243902439,-0.23023791250959325,820,10.1459445,164557348.085,1,2,0.11040476125219502,0,1,0,KRW-BTC,2026-04-15 02:02:08.506000
0.4515372926425145,0.5753920386007237,-0.23024830699774268,829,11.79374136,131557247.965,1,2,0.10911868383156301,0,1,0,KRW-BTC,2026-04-15 02:02:14.246000
0.5455856529941264,0.6829787234042554,-0.08957411579490242,940,10.13360563,136789457.52244002,1,2,0.07291498058564809,1,1,0,KRW-BTC,2026-04-15 02:05:11.258000
0.6568054944289202,0.6217105263157895,-0.13139056525127313,304,3.27865364,100026330.39744,1,3,0.08066515791146019,1,0,0,KRW-BTC,2026-04-15 03:28:22.647000
0.48224469035656436,0.4146341463414634,-0.26374665769321715,451,6.78944964,105480933.753,0,3,0.0823569980531818,0,0,1,KRW-BTC,2026-04-15 03:47:05.987000
0.4345688892809475,0.5531587057010786,0.02279773846434434,649,6.88144755,134535620.0197,1,3,0.08888358263450402,1,1,0,KRW-BTC,2026-04-15 03:57:17.686000
0.6752225603369646,0.6814404432132964,0.15872147118384325,361,3.40269414,108096570.486,1,6,0.03505486820051743,1,1,0,KRW-BTC,2026-04-15 06:53:01.956000
0.6072767990163332,0.7617689015691869,-0.034554878603255436,701,3.53547972,110387175.64464,1,7,0.04825432351636072,1,1,0,KRW-BTC,2026-04-15 07:06:32.529000
0.4635006638244534,0.5197183098591549,-0.01731380821768013,710,8.04148471,131444051.99639998,1,7,0.08224339085972097,0,0,1,KRW-BTC,2026-04-15 07:32:35.056000
0.5120625304493546,0.5502008032128514,-0.08200829194951934,747,8.96859046,106664376.9919,0,7,0.06923583235869167,0,1,1,KRW-BTC,2026-04-15 07:37:57.446000
0.7256007793464186,0.7229437229437229,0.011769925125168628,924,9.53577358,110733241.63968,1,9,0.039141024042455466,1,1,0,KRW-BTC,2026-04-15 09:22:49.876000
0.5635405769254775,0.5469107551487414,0.05156317846287451,437,3.59902212,189636474.6,0,10,0.042213207001903605,0,0,0,KRW-BTC,2026-04-15 10:58:22.996000
0.29451315378235815,0.5088757396449705,-0.1177408252726153,507,3.9784527499999998,130120415.87363,1,11,0.17563294546709868,1,1,1,KRW-BTC,2026-04-15 11:26:04.602821
0.3498131073939388,0.6,-0.051057156663414816,520,3.84957639,100467348.45048,1,15,0.02396553097415624,1,1,0,KRW-BTC,2026-04-15 15:12:24.010000
0.8087985984601401,0.6639209225700164,-0.07754413173379555,607,7.77934418,114582338.50320001,0,15,0.029373092760250304,1,1,0,KRW-BTC,2026-04-15 15:40:52.946000
0.4939717667525368,0.6425389755011136,-0.16246063980285677,898,6.06742344,122351679.4791,0,16,0.036715819041114296,1,1,0,KRW-BTC,2026-04-15 16:06:26.966000
0.7191909633962944,0.6598984771573604,-0.13096077587391133,591,6.0948424,218072000.0,0,16,0.030335109080217398,1,1,1,KRW-BTC,2026-04-15 16:45:32.777000
0.5951744771223282,0.6835820895522388,-0.026569672093598538,670,9.15105944,174258324.13402,1,16,0.033226747350168506,1,1,1,KRW-BTC,2026-04-15 16:49:59.276000
0.8288233402246266,0.7268408551068883,0.16033716615511476,421,5.0817394,325203679.64091,0,17,0.06915418522923124,1,0,1,KRW-BTC,2026-04-15 17:00:03.698000
0.7239077669323497,0.6651480637813212,0.3963361734381707,439,3.4109661,115586903.19203001,1,19,0.16972458291270362,0,0,0,KRW-BTC,2026-04-15 19:47:26.146000
0.7890305520180537,0.6659090909090909,0.3963361734381707,440,4.46235829,103520470.92713,1,19,0.16979975886448045,0,0,0,KRW-BTC,2026-04-15 19:47:26.206000
0.825824994017224,0.6666666666666666,0.3963361734381707,441,5.40399278,158905004.41686,1,19,0.1698733441214011,0,0,0,KRW-BTC,2026-04-15 19:47:29.386000
0.8256326188280347,0.6645569620253164,0.3981189791352782,474,7.38597833,149850612.6154,0,19,0.15627428757915243,0,0,0,KRW-BTC,2026-04-15 19:49:23.907000
0.39557431176617547,0.371571072319202,-0.03006641945388449,401,2.2923626,130120415.87363,1,20,0.024381533073739577,1,0,1,KRW-BTC,2026-04-15 20:26:06.496000
0.43947104501224243,0.45357142857142857,0.21592959055376373,560,9.00531492,158988838.7061,0,20,0.07043458510824616,0,0,1,KRW-BTC,2026-04-15 20:56:17.836000
0.249428153956515,0.6451104100946372,-0.07363569422096163,634,6.16421133,103098092.19839999,0,21,0.024838127077037704,0,0,1,KRW-BTC,2026-04-15 21:05:05.966000
0.4410941330902234,0.44534412955465585,0.13738638328071404,494,8.54855358,246622448.0,0,21,0.03994147507843874,0,0,1,KRW-BTC,2026-04-15 21:26:52.436000
0.34946862512606514,0.4444444444444444,0.13738638328071404,495,10.78935358,102213259.09279999,0,21,0.0399190108178634,0,0,1,KRW-BTC,2026-04-15 21:26:52.555000
0.3181381056388477,0.44176706827309237,0.13738638328071404,498,11.85170912,104248832.0,0,21,0.039851654825169475,0,0,1,KRW-BTC,2026-04-15 21:26:52.946000
0.12665696460347975,0.38085539714867617,-0.04815861448574778,491,12.08658663,141381949.97877,1,21,0.0315663045095906,0,1,0,KRW-BTC,2026-04-15 21:33:26.756000
0.29522112498493985,0.5421487603305785,-0.03178322027587835,605,6.04818611,231662776.67999998,1,22,0.04126745361368171,1,1,0,KRW-BTC,2026-04-15 22:08:55.457000
0.5212032826370604,0.5436573311367381,-0.03178322027587835,607,8.90298825,183624226.30802,1,22,0.04120078596492333,1,1,0,KRW-BTC,2026-04-15 22:08:55.736000
0.28765071130945014,0.41842105263157897,-0.41087690019228673,760,9.91838207,230619186.61998,0,22,0.11959221608453795,1,0,0,KRW-BTC,2026-04-15 22:38:12.255000
0.2194161946481087,0.4140625,-0.41087690019228673,768,13.00676033,164667687.10663,0,22,0.11999972880356881,1,0,0,KRW-BTC,2026-04-15 22:38:12.406000
0.13979873329045975,0.3424317617866005,-0.3544165757906216,806,20.24488545,106294710.0,0,22,0.09207778115048412,0,0,1,KRW-BTC,2026-04-15 22:43:40.247000
0.13225105956535804,0.33948339483394835,-0.3544165757906216,813,21.40197087,120187365.00000001,0,22,0.09297053508326726,0,0,1,KRW-BTC,2026-04-15 22:43:40.766000
0.15599646951911417,0.348643006263048,-0.18658244668747895,958,25.04075544,154956082.91534,1,22,0.08442451234433891,1,0,1,KRW-BTC,2026-04-15 22:47:09.566000
0.2758946039552862,0.35555555555555557,0.08477125434110859,540,7.79183056,110689098.912,1,23,0.0694605789097136,1,1,0,KRW-BTC,2026-04-15 23:14:43.406000
0.3589385737142224,0.3567467652495379,0.08477125434110859,541,8.799928,171979172.334,1,23,0.06960049067197335,1,1,0,KRW-BTC,2026-04-15 23:14:43.526000
0.4175863549811763,0.3561643835616438,-0.4163636363636363,730,11.70651526,111912097.5004,0,23,0.12660103955510527,1,1,1,KRW-BTC,2026-04-15 23:44:35.717000
0.42302733820361066,0.3202614379084967,-0.09109210322557137,459,4.43417184,121803536.34635,1,0,0.057313396621809086,1,0,0,KRW-BTC,2026-04-16 00:01:18.457000
0.16045971127658287,0.3270868824531516,-0.17139523010721316,587,10.27743397,132925421.50500001,0,0,0.05089791562912503,0,0,0,KRW-BTC,2026-04-16 00:30:08.656000
0.6387004146918863,0.4608695652173913,-0.07307470975638718,460,6.30489824,112108966.67646,1,1,0.0716886834609138,1,1,1,KRW-BTC,2026-04-16 01:02:06.656000
0.7300579737136098,0.5051975051975052,-0.0036543363268438413,481,7.47625921,158908059.47445,1,1,0.07253493294318036,0,0,1,KRW-BTC,2026-04-16 01:03:54.306000
0.7440356765125513,0.8505747126436781,0.10693818607244376,174,0.5467531,119027784.49159999,1,3,0.054062835951267325,0,1,1,KRW-BTC,2026-04-16 03:00:24.848000
0.26653404695246125,0.7094972067039106,0.09213983360093417,179,2.752116,107632192.53816001,0,3,0.08107905215384129,0,1,1,KRW-BTC,2026-04-16 03:39:19.026000
0.4808534074613868,0.5989010989010989,-0.025311420874690384,546,8.76912517,162464633.09494,0,7,0.04458415138146051,0,0,1,KRW-BTC,2026-04-16 07:25:24.506000
0.37848412224133887,0.5047619047619047,-0.3449054218771162,735,8.47176404,184141537.36029,0,8,0.11417319207118626,0,1,0,KRW-BTC,2026-04-16 08:02:33.516000
0.5711131222422646,0.731048805815161,-0.1324671554039341,963,4.86230837,123013701.4626,1,9,0.04611437866081838,1,1,1,KRW-BTC,2026-04-16 09:27:04.925000
0.4968659269759542,0.623015873015873,0.01266784899923993,504,3.59286823,155912059.527,0,9,0.01802410773144983,0,0,0,KRW-BTC,2026-04-16 09:45:02.950000
0.5345659183921009,0.4608294930875576,-0.07528412956126587,434,3.1057117499999998,239821165.21249998,1,10,0.03873631110441331,1,1,1,KRW-BTC,2026-04-16 10:59:55.639000
0.24422280121745857,0.41337907375643224,-0.053509885724650826,583,5.72882165,344033380.0,0,11,0.031157634800470832,1,1,1,KRW-BTC,2026-04-16 11:18:10.960000
0.5631680900509213,0.6215469613259669,0.1314334402929606,362,1.96806071,126053596.54376999,1,13,0.040770218848887665,0,0,1,KRW-BTC,2026-04-16 13:16:40.372000
0.5843253006218816,0.5535714285714286,-0.025373810602628003,392,2.30109435,126435490.10784002,1,13,0.026588037954462487,1,1,1,KRW-BTC,2026-04-16 13:33:51.202000
0.7224881360580597,0.55470737913486,-0.025373810602628003,393,3.44715307,186183615.9843,1,13,0.02661544263231796,1,1,1,KRW-BTC,2026-04-16 13:33:51.359000
0.3485595678704728,0.4444444444444444,0.0036157865239636253,333,3.17735368,104141595.09456,0,16,0.0076739968035771525,0,1,0,KRW-BTC,2026-04-16 16:00:31.860000
0.49261518410789273,0.6035353535353535,-0.06147337208566495,396,3.19544917,108241479.76928,0,16,0.022400430881224863,0,0,0,KRW-BTC,2026-04-16 16:12:09.285000
0.42859183446493276,0.4030373831775701,0.04266134156303894,856,8.52283365,212995282.73148,1,17,0.03338265520943017,1,1,1,KRW-BTC,2026-04-16 17:20:09.116000
0.5342204448192812,0.40373395565927656,0.04266134156303894,857,10.45534209,176303798.74974,1,17,0.033366245989943866,1,1,1,KRW-BTC,2026-04-16 17:20:09.217000
0.5616736136655133,0.48419540229885055,0.021740705848249872,696,7.40911043,150908896.98931998,1,17,0.036942088848499206,0,1,1,KRW-BTC,2026-04-16 17:44:43.156000
0.4157692561229399,0.40254777070063696,-0.03531904874028726,785,5.10679212,185438068.76321998,1,18,0.0330910085740287,1,1,1,KRW-BTC,2026-04-16 18:03:07.956000
0.5615639123328197,0.4040660736975858,-0.03531904874028726,787,6.80548342,124643292.56743,1,18,0.03307372041059501,1,1,1,KRW-BTC,2026-04-16 18:03:08.116000
0.17826559653401455,0.33636363636363636,-0.029046547091714475,550,6.13920756,159608995.55914998,0,19,0.027862738223996618,1,0,0,KRW-BTC,2026-04-16 19:17:06.618000
0.6007720827138274,0.6134453781512605,-0.14562228654124457,714,8.79006504,216527821.8795,0,22,0.08201686703705174,0,0,0,KRW-BTC,2026-04-16 22:35:24.496000
0.21380097793588834,0.30891173950299916,-0.9640347851346199,2334,29.46574068,207685323.85,0,22,0.3165739135690104,0,1,0,KRW-BTC,2026-04-16 22:54:13.536000
0.18732510610780626,0.2994327390599676,-1.0179711408359895,2468,34.14369568,109877407.49000001,0,22,0.33787661874614056,0,1,0,KRW-BTC,2026-04-16 22:54:21.250000
0.17440362814060206,0.29542835190165195,-1.0750540250967004,2603,37.56352422,109222626.67449999,0,22,0.35764164472200527,0,1,0,KRW-BTC,2026-04-16 22:54:36.487000
0.4302818982351468,0.4523076923076923,0.28403884918453365,1300,16.27158518,103733823.8035,0,23,0.12087311359265153,1,0,0,KRW-BTC,2026-04-16 23:11:39.826000
0.3404058939005759,0.43258426966292135,0.03384621013922684,1068,13.86914491,104130939.96265,0,23,0.06316716836053832,0,0,1,KRW-BTC,2026-04-16 23:16:32.808000
0.25114278965460984,0.2542124542124542,-0.44752945474472555,1365,16.51004136,106166000.0,0,23,0.1383539328472958,0,1,1,KRW-BTC,2026-04-16 23:23:40.105000
0.30623526595707046,0.26920593931568754,-0.41591634139875866,1549,20.46522237,309951590.14416003,1,23,0.13997672732675512,1,1,1,KRW-BTC,2026-04-16 23:24:52.576000
0.395737740204485,0.2703225806451613,-0.4186471663619744,1550,23.50136629,103933054.54463999,1,23,0.13977268586113362,0,1,1,KRW-BTC,2026-04-16 23:24:55.807000
0.6964159314079985,0.6376554174067496,0.1097172951029514,563,10.95828908,127015884.73764,0,23,0.03323166409623822,0,1,1,KRW-BTC,2026-04-16 23:40:51.536000
0.6256510028150084,0.6228373702422145,0.06765899864682003,578,12.19853085,109437493.55420001,0,23,0.03287041835202137,0,1,1,KRW-BTC,2026-04-16 23:40:52.536000
0.42349188428488727,0.461038961038961,0.11688430280339696,462,6.82702469,201696088.85685998,1,0,0.04963085367653236,0,1,1,KRW-BTC,2026-04-17 00:04:48.176000
0.6287851912754805,0.5265588914549654,0.18635072302253564,433,8.03314385,197967947.35075,1,0,0.06322138746678432,1,1,1,KRW-BTC,2026-04-17 00:07:46.206000
0.5297924708360493,0.533724340175953,-0.10369103709228503,341,3.02888942,111467520.17243999,1,0,0.06871322066406214,1,1,1,KRW-BTC,2026-04-17 00:34:52.306000
0.6258118083185543,0.5568685376661743,0.4674512086433002,677,12.32041742,131364067.4361,0,0,0.2928887682933139,0,0,1,KRW-BTC,2026-04-17 00:38:21.900000
0.5509514761250093,0.5552282768777614,0.45290431714215557,679,13.991083,104118280.5958,0,0,0.2929465200388906,0,0,1,KRW-BTC,2026-04-17 00:38:22.496000
0.43546902161628825,0.4547945205479452,-0.5331399038897452,365,4.01228202,110937813.462,1,1,0.1730217331742589,1,1,0,KRW-BTC,2026-04-17 01:35:59.656000
0.6171354624400843,0.5644444444444444,0.20053963392401372,225,4.8099995,118079662.53665999,0,1,0.057735247407722574,1,1,0,KRW-BTC,2026-04-17 01:45:49.266000
0.34347563583705243,0.5842541436464088,-0.19956805817545586,724,4.77253478,328566000.0,1,2,0.05946628510102596,0,1,1,KRW-BTC,2026-04-17 02:08:49.786000
0.44864164295426157,0.5545454545454546,-0.14135242351009986,770,10.2126269,230429610.0,1,2,0.07187533461302595,1,1,1,KRW-BTC,2026-04-17 02:16:01.515000
0.5445540400905154,0.555699481865285,-0.14135242351009986,772,12.36425876,106653000.0,1,2,0.07192635768759983,1,1,1,KRW-BTC,2026-04-17 02:16:01.605000
0.6400319508031783,0.7865497076023392,-0.14645788883665425,342,1.82844485,167442142.566,1,4,0.08018042454927048,0,1,1,KRW-BTC,2026-04-17 04:15:23.755000
0.8850787616392004,0.8312342569269522,0.06871609403254973,397,7.80181383,221241324.0,0,4,0.07524099932324722,0,1,1,KRW-BTC,2026-04-17 04:34:27.817000
0.7045380501546555,0.8291457286432161,0.06871609403254973,398,9.800813830000001,168222185.41680002,0,4,0.07514766024543003,0,1,1,KRW-BTC,2026-04-17 04:34:27.946000
0.6099371369392668,0.8270676691729323,0.06871609403254973,399,11.32076563,313343268.1788,0,4,0.07505466759633651,0,1,1,KRW-BTC,2026-04-17 04:34:31.626000
0.487907466582968,0.825,0.06871609403254973,400,14.15194193,156411041.9136,0,4,0.07496201923882526,0,1,1,KRW-BTC,2026-04-17 04:34:31.646000
0.43170675338933445,0.7907949790794979,-0.1538115583539465,717,4.8975722,147542452.94356,1,5,0.04837564131096148,1,1,0,KRW-BTC,2026-04-17 05:11:15.025000
0.6124120893867272,0.7931034482758621,-0.1538115583539465,725,7.18194906,204711594.26856,1,5,0.048382847129320214,1,1,0,KRW-BTC,2026-04-17 05:11:15.336000
0.5528505901982902,0.7543859649122807,-0.1082290125906418,342,4.44383258,103828295.03556,1,5,0.037748588871058995,1,0,1,KRW-BTC,2026-04-17 05:32:56.636000
0.5159995734147114,0.6775818639798489,-0.12358820770035724,397,6.2771488,384271631.41499996,0,5,0.0324517518639937,1,0,1,KRW-BTC,2026-04-17 05:35:27.906000
0.30055729025472794,0.601063829787234,-0.17599119141523992,376,8.67539406,255686203.45695,1,5,0.049439807057483576,1,1,1,KRW-BTC,2026-04-17 05:39:19.747000
0.4705904305744086,0.7483443708609272,-0.21005751789545807,604,3.53858449,137794655.1468,0,6,0.06836024345102346,0,0,0,KRW-BTC,2026-04-17 06:20:23.886000
0.48425078744767275,0.6783369803063457,-0.04252739397558747,457,2.36477277,110470000.0,0,8,0.015247529981101654,0,1,1,KRW-BTC,2026-04-17 08:02:31.751000
0.7841182764459008,0.7555228276877761,0.14817759627026147,679,5.73720074,110845000.0,1,8,0.04755914488447739,0,0,0,KRW-BTC,2026-04-17 08:38:49.018000
0.7619714186168816,0.7666989351403679,0.11465922735931673,1033,9.92077765,110889000.0,0,9,0.04537672295518283,0,0,0,KRW-BTC,2026-04-17 09:05:01.709000
0.6797356388152855,0.7617675312199808,0.09389417043597591,1041,11.19183283,143922507.23312,0,9,0.045345377883938505,0,0,0,KRW-BTC,2026-04-17 09:05:02.256000
0.3862494302133457,0.7124563445867288,0.010844222740335085,859,5.45568796,105502641.7347,1,9,0.028166641716989235,1,1,1,KRW-BTC,2026-04-17 09:29:40.016000
0.5733848340763055,0.5412371134020618,0.04608253291286787,388,2.33573283,109161630.28504,1,9,0.015978878522643295,0,0,0,KRW-BTC,2026-04-17 09:59:39.491000
0.4198338742426405,0.3924050632911392,-0.04426337612126358,790,6.78000077,160441171.98707998,1,10,0.01884839204923391,1,0,0,KRW-BTC,2026-04-17 10:06:45.728000
0.21092220334073372,0.5526717557251909,-0.23338067282381567,655,7.45390272,215079281.83839998,0,10,0.0878352980129665,1,1,0,KRW-BTC,2026-04-17 10:25:32.399000
0.49316962244979246,0.44370860927152317,0.18961903811433392,604,7.01071646,100479542.51789999,0,11,0.10035010987162662,0,1,0,KRW-BTC,2026-04-17 11:01:48.559000
0.7067189103379005,0.6394984326018809,0.12426416566136654,319,3.64669647,103411268.31702,0,11,0.06414346776300768,0,0,0,KRW-BTC,2026-04-17 11:44:16.860000
0.32202391077776976,0.5099206349206349,-0.043516889992928506,504,3.40958051,111329695.52624,1,13,0.014442907027043551,0,0,1,KRW-BTC,2026-04-17 13:06:28.530000
0.48300264768612694,0.5712012728719172,-0.12668995348668852,1257,16.69307744,132704078.39999999,0,14,0.08799757356707558,0,0,0,KRW-BTC,2026-04-17 14:10:37.516000
0.33635836271553443,0.424923391215526,0.0027189182330656712,979,12.7265159,182674124.51288,1,14,0.03319646508565382,1,1,0,KRW-BTC,2026-04-17 14:20:21.517000
0.5746313914177528,0.4696601941747573,0.04350900092456627,824,6.60861051,107952591.27510001,1,14,0.031090037950974207,0,0,1,KRW-BTC,2026-04-17 14:47:57.917000
0.6218484042860016,0.7108167770419426,0.04332051768018628,453,6.02528562,304109631.1875,1,16,0.005706253982241233,1,1,1,KRW-BTC,2026-04-17 16:46:01.877000
0.7639319604982099,0.7217741935483871,0.044204676674364896,496,10.41819038,103503102.63456,0,16,0.02041669394184819,1,1,1,KRW-BTC,2026-04-17 16:52:58.366000
0.44968946345066035,0.5423728813559322,-0.039641782438690376,472,4.0203565900000005,110950000.0,1,17,0.012483429780223683,0,1,1,KRW-BTC,2026-04-17 17:20:58.178000
0.8626589435792724,0.8073469387755102,0.31983998990927354,1225,20.30157402,234305877.95999998,0,17,0.11499474031823716,0,0,1,KRW-BTC,2026-04-17 17:35:47.156000
0.7814988761568817,0.8066884176182708,0.3144342436009478,1226,22.40595402,110576981.36562,0,17,0.11510837101742025,0,0,1,KRW-BTC,2026-04-17 17:35:47.167000
0.639443994880091,0.7176141658900279,0.22502250225022502,1073,21.40937905,152825524.4015,1,17,0.054724408906035686,1,1,1,KRW-BTC,2026-04-17 17:42:40.386000
0.6653558744079584,0.7159817351598173,0.2141366155617937,1095,23.23959436,111382000.0,1,17,0.050351207584534194,0,1,1,KRW-BTC,2026-04-17 17:43:21.617000
0.6973169249106411,0.6978629329403095,0.3290153810195881,1357,28.75172981,252137025.47848,0,17,0.1256977677644654,0,1,1,KRW-BTC,2026-04-17 17:51:47.086000
0.6101583813118527,0.6638089406001225,0.3533980930854165,1633,37.309178,145316079.4494,0,17,0.14250739263793577,1,1,1,KRW-BTC,2026-04-17 17:57:51.567000
0.8145935626229084,0.7863105175292153,0.18589354019947807,1198,16.12889021,112100000.0,1,18,0.05219544660198258,1,0,0,KRW-BTC,2026-04-17 18:13:55.978000
0.7700361673169784,0.7425320056899004,0.26900459363326007,1406,20.01931144,133463774.73539999,0,18,0.08432422305624783,0,0,0,KRW-BTC,2026-04-17 18:16:59.178000
0.705797450550733,0.7362482369534555,0.24219350456682218,1418,21.83696035,167362491.66831002,0,18,0.08487460886576399,0,0,0,KRW-BTC,2026-04-17 18:16:59.857000
0.7425482500624432,0.680316091954023,0.5475152260952534,1392,21.16586094,124398183.11490001,0,18,0.21364605939686093,0,0,0,KRW-BTC,2026-04-17 18:29:47.686000
0.6652057455545971,0.667578659370725,0.5986474671234587,1462,24.35137703,118166417.84883998,0,18,0.22252540484569056,0,0,0,KRW-BTC,2026-04-17 18:30:14.626000
0.6127245449402111,0.6330218068535826,0.3460824889396318,1605,27.24734933,135000000.0,1,18,0.2157068013941516,0,0,0,KRW-BTC,2026-04-17 18:30:48.066000
0.5032613077809538,0.5223160434258143,-0.34584804078867615,2487,43.4289377,112028189.39000002,0,18,0.2657939255184746,1,1,1,KRW-BTC,2026-04-17 18:36:57.556000
0.4325205950021621,0.44537815126050423,0.18946164295417173,952,15.33312646,121378690.06357999,1,18,0.056288039900862646,1,1,0,KRW-BTC,2026-04-17 18:48:26.896000
0.38003831273248273,0.49395770392749244,-0.2541262070994837,662,8.98629885,105305205.61296,0,19,0.08566788292625772,1,1,0,KRW-BTC,2026-04-17 19:17:54.126000
0.29945848531029196,0.42555831265508687,-0.38416867685160366,806,17.19376565,238766100.0,0,19,0.17026740429191,0,1,1,KRW-BTC,2026-04-17 19:29:58.417000
0.20058647177257732,0.416403785488959,-0.4930684579105331,951,21.41056919,127596863.75,1,19,0.1956807097502797,0,1,1,KRW-BTC,2026-04-17 19:30:30.296000
0.24008305950064798,0.41855670103092785,-0.40287641252400735,970,22.65920555,101324060.29578,0,19,0.195530942085138,0,1,1,KRW-BTC,2026-04-17 19:30:51.297000
0.23041407793365917,0.4132973944294699,-0.6011504930684579,1113,25.56567026,108385746.0,1,19,0.2128493392982183,1,1,1,KRW-BTC,2026-04-17 19:31:26.257000
0.4020949031816183,0.4830188679245283,-0.008048001859982652,530,5.42011071,184821058.5716,0,20,0.027406576960525463,0,0,1,KRW-BTC,2026-04-17 20:40:15.866000
0.27513243297973977,0.45018450184501846,-0.20017157563625965,542,6.59683181,106673153.30559999,0,20,0.06153132445046337,0,1,1,KRW-BTC,2026-04-17 20:44:44.216000
0.7940762906218746,0.7908496732026143,0.024133431058831943,612,3.70760297,230622043.42224997,1,21,0.013866541977252095,0,1,1,KRW-BTC,2026-04-17 21:07:34.856000
0.8679018539302704,0.828125,0.07685227384431159,640,8.04221276,165220097.51226,1,21,0.027447721093305365,1,1,1,KRW-BTC,2026-04-17 21:19:43.976000
0.889618340077289,0.8256172839506173,0.07685227384431159,648,10.49374206,130361775.35374999,1,21,0.027354199845798163,1,1,1,KRW-BTC,2026-04-17 21:19:46.737000
0.8543903498918207,0.7375366568914956,0.0937600457191842,682,12.70700937,198147919.1197,0,21,0.04037778882894089,0,1,1,KRW-BTC,2026-04-17 21:23:36.026000
0.7451903588394968,0.7317784256559767,0.09108118727006466,686,14.56002824,110722645.41426,0,21,0.0407513666822597,1,1,1,KRW-BTC,2026-04-17 21:23:39.786000
0.4797791265237497,0.5662921348314607,0.07137886115027034,890,13.43895743,107631029.76603,1,21,0.0948454627887802,0,0,1,KRW-BTC,2026-04-17 21:34:24.297000
0.4806943189355771,0.5533642691415314,-0.018718245832961937,862,14.40250827,114045334.99999999,0,21,0.09557463220409662,0,0,1,KRW-BTC,2026-04-17 21:35:29.756000
0.6844061251498028,0.6311745334796927,0.4743782161234992,911,18.77752838,107895054.27925,0,21,0.19865644436296231,0,1,1,KRW-BTC,2026-04-17 21:50:28.436000
0.41232446484365415,0.5305676855895196,-0.09609310354031907,1374,24.484169220000002,100396810.84224,1,22,0.07439861920424938,1,1,1,KRW-BTC,2026-04-17 22:01:03.816000
0.5462340638155011,0.5857284440039643,0.3838515180392401,2018,29.81018617,115479921.53306001,1,22,0.16437818680346036,1,1,1,KRW-BTC,2026-04-17 22:10:41.996000
0.6978678494437874,0.6818551668022783,0.7355298308103295,2458,42.06744447,113123000.0,0,22,0.18215127344392307,0,0,0,KRW-BTC,2026-04-17 22:15:41.066000
0.6435844399964175,0.667440960123887,0.6126228807522439,2583,46.74987631,110022066.0,0,22,0.18341271214766966,1,1,1,KRW-BTC,2026-04-17 22:15:49.577000
0.5862838628621779,0.6343283582089553,0.224390243902439,2680,51.69695808,177884117.68182,1,22,0.09940762934301782,1,1,1,KRW-BTC,2026-04-17 22:18:43.666000
0.5560244864779542,0.5776951672862454,0.20666104927047763,2690,50.99513034,175521650.31897998,0,22,0.08439761523083615,0,1,1,KRW-BTC,2026-04-17 22:21:02.036000
0.4941216195802368,0.5286901464186783,0.16386617890643684,2527,50.30077763,114179067.15497,1,22,0.05922523633446103,1,0,1,KRW-BTC,2026-04-17 22:24:01.766000
0.5182136159957197,0.5009319664492078,0.17168141592920355,2146,39.83759058,111861139.51806,0,22,0.08367978559993178,0,0,1,KRW-BTC,2026-04-17 22:26:47.369000
0.49622339691781353,0.49318801089918257,-0.07618305192849423,2202,42.00300264,214320000.0,0,22,0.07787517098628574,1,0,1,KRW-BTC,2026-04-17 22:27:55.737000
0.46628683747871363,0.4918552036199095,-0.07618305192849423,2210,44.71514465,125339488.70400001,0,22,0.07887760966272625,0,0,1,KRW-BTC,2026-04-17 22:27:56.237000
0.4218642655859308,0.4827299209321681,-0.1972648302460945,2403,48.04239804,214983044.04000002,1,22,0.13668977679149708,0,1,1,KRW-BTC,2026-04-17 22:30:41.466000
0.45537208639372434,0.48358953053593684,-0.2176105302266334,2407,51.00236065,108853883.75999999,1,22,0.13672781413121454,0,1,1,KRW-BTC,2026-04-17 22:30:41.586000
0.4654724057187656,0.4838039867109635,-0.2176105302266334,2408,51.96737735,286277342.15999997,1,22,0.1367372236731884,0,1,1,KRW-BTC,2026-04-17 22:30:41.596000
0.49032216977029647,0.4838039867109635,-0.2176105302266334,2408,54.50441246,127208531.688,1,22,0.13676950414790043,0,1,1,KRW-BTC,2026-04-17 22:30:41.666000
0.4776753592260019,0.46597760551248923,-0.09741409847679773,2322,46.06037152,105714058.0949,1,22,0.13913523823388166,0,1,1,KRW-BTC,2026-04-17 22:37:31.947000
0.6379229015391378,0.6350282485875707,0.49734042553191493,1770,36.92920837,106798761.83283,0,22,0.11973004675099719,1,1,1,KRW-BTC,2026-04-17 22:50:21.776000
0.6207967632529647,0.6335164835164835,0.3906803685329554,1820,40.820636809999996,135168132.9258,1,22,0.12362553413941177,1,1,1,KRW-BTC,2026-04-17 22:50:58.776000
0.6331176173338742,0.6339187705817783,0.3906803685329554,1822,42.18906851,132866175.4602,1,22,0.12370689824902861,1,1,1,KRW-BTC,2026-04-17 22:50:58.957000
0.6702772431844208,0.6594295444870157,0.3391507100967993,2349,52.46353022,107161888.82970001,1,22,0.21935938520503848,1,1,1,KRW-BTC,2026-04-17 22:53:03.136000
0.6813138859315184,0.6728734659331358,0.570417864249392,2363,52.4629083,104790104.16,0,22,0.23160799909642074,1,1,1,KRW-BTC,2026-04-17 22:54:14.177000
0.6282191796878763,0.6388129636860601,0.3798922166269105,2561,55.77164558,120050574.80689,1,22,0.22206788569890937,1,1,1,KRW-BTC,2026-04-17 22:56:47.436000
0.4588263000565229,0.4771074026529739,-0.09747701386632476,2337,36.68950673,108840216.75868,0,23,0.10030415163063283,0,0,1,KRW-BTC,2026-04-17 23:09:32.936000
0.5158889851250823,0.5309859154929577,0.05985335926978902,1420,22.51802993,104927075.3601,0,23,0.1162874061835795,0,1,1,KRW-BTC,2026-04-17 23:17:23.246000
0.6688128743900719,0.6721991701244814,0.383924483110845,1446,28.69540611,161474449.56,0,23,0.155133081806184,0,0,1,KRW-BTC,2026-04-17 23:28:25.926000
0.6068464445929722,0.6666666666666666,0.2973702964025232,1443,29.9424278,138583753.8363,0,23,0.1522223513009431,0,1,1,KRW-BTC,2026-04-17 23:28:40.616000
0.568232227439089,0.6629910406616126,0.3000175963399613,1451,31.86417818,136801200.0,0,23,0.151589315952588,0,1,1,KRW-BTC,2026-04-17 23:28:43.926000
0.6375041566022153,0.5974914481185861,0.3561528474683322,1754,27.69592414,200341079.8452,0,23,0.10975081090278385,0,0,0,KRW-BTC,2026-04-17 23:43:38.495000
0.5786978772212159,0.5954545454545455,0.3561528474683322,1760,30.50653457,127443484.79399998,0,23,0.10987412966837616,0,0,0,KRW-BTC,2026-04-17 23:43:38.678000
0.5236439892934515,0.5610403397027601,0.158702323542306,1884,34.8581336,128794744.26780002,1,23,0.09712829803817422,1,1,1,KRW-BTC,2026-04-17 23:44:35.126000
0.524259405813345,0.5253067484662577,-0.09367312456774668,1304,23.28497215,110714565.6216,1,23,0.08336123842796006,1,1,1,KRW-BTC,2026-04-17 23:56:15.375000
0.5447149829787373,0.5274809160305344,-0.09367312456774668,1310,24.33245798,115602475.85999998,1,23,0.08356247967711936,1,1,1,KRW-BTC,2026-04-17 23:56:16.127000
0.3563453841249477,0.399812734082397,-0.19606126914660832,1068,16.5525547,136836000.0,1,0,0.12125019678006098,1,1,1,KRW-BTC,2026-04-18 00:06:39.106000
0.7169999647817609,0.5764439411098528,0.042005775794171696,883,21.71047064,104491260.27815999,1,0,0.036762255902997226,1,0,0,KRW-BTC,2026-04-18 00:23:05.475000
0.8366845805087987,0.6952662721893491,0.35682896818421517,676,12.274892,160393657.5603,0,0,0.08220550767637495,1,0,1,KRW-BTC,2026-04-18 00:54:29.516000
0.8235188269101955,0.6822262118491921,0.12592255762705937,557,6.71583285,126646185.19,1,1,0.0684347294944792,1,1,0,KRW-BTC,2026-04-18 01:20:58.466000
0.32327817019805766,0.6316425120772947,-0.11565454338359633,828,5.64893636,102097283.94000001,0,2,0.04279640250527744,0,0,0,KRW-BTC,2026-04-18 02:08:40.346000
0.3296464166767824,0.6175609756097561,-0.3460813948394445,1025,8.38031529,132431465.5461,1,2,0.11472807491037405,1,1,0,KRW-BTC,2026-04-18 02:09:23.096000
0.44095221576680826,0.5874190564292322,-0.47653669945776433,1081,11.53709277,160558640.30967,1,2,0.16788692023353102,1,1,1,KRW-BTC,2026-04-18 02:14:01.666000
0.3104016201890538,0.6349009900990099,-0.2136395206737997,808,7.93700091,136200000.0,0,2,0.11000243558861585,0,0,1,KRW-BTC,2026-04-18 02:24:29.989000
0.5642134605102362,0.5426008968609866,-0.01670858469493642,223,1.87183059,127653570.49864998,0,3,0.030195295002902064,0,0,0,KRW-BTC,2026-04-18 03:49:47.265000
0.25028760758466095,0.4262948207171315,-0.07476799929630118,251,4.08539218,102408665.328,0,3,0.040468947029124756,0,0,1,KRW-BTC,2026-04-18 03:51:28.647000
0.20134046234118577,0.421259842519685,-0.07476799929630118,254,5.0794443099999995,159884343.35999998,0,3,0.04127572751233088,0,0,1,KRW-BTC,2026-04-18 03:51:28.816000
0.09623025596736644,0.49595687331536387,0.03341775714084705,371,3.97523744,109726182.475,0,4,0.033334715057386284,0,1,1,KRW-BTC,2026-04-18 04:34:45.786000
0.0914052931671346,0.48812664907651715,0.03341775714084705,379,5.11320798,266089425.875,0,4,0.03294284169920907,0,0,1,KRW-BTC,2026-04-18 04:35:00.466000
0.7067423001987209,0.6595744680851063,0.1073660124966998,376,2.27952067,113728000.0,0,5,0.036172335839381634,0,1,1,KRW-BTC,2026-04-18 05:41:14.656000
0.26527098602332233,0.486088379705401,-0.07453067594938928,611,4.21795654,100713215.49407999,0,7,0.018522371418189486,0,0,0,KRW-BTC,2026-04-18 07:58:26.176000
0.36925624667293694,0.6051020408163266,-0.21949078138718175,980,10.37676278,168891783.9005,0,8,0.06306501342558658,0,0,1,KRW-BTC,2026-04-18 08:19:37.676000
0.5884378469629956,0.7094117647058824,0.10213155600947359,850,8.4884428,136434000.0,0,8,0.044896694280764815,0,1,1,KRW-BTC,2026-04-18 08:29:42.656000
0.4088788096026404,0.5733610822060354,0.06420573981723353,961,8.15369076,101746358.80618,1,8,0.022818657368286064,1,0,1,KRW-BTC,2026-04-18 08:56:37.216000
0.41598778777437556,0.5595637583892618,-0.03334854495032822,1192,8.30806048,113017794.2295,0,9,0.01606442215908727,0,1,1,KRW-BTC,2026-04-18 09:34:36.326000
0.5348345519681801,0.6635120925341745,0.15617871056048854,951,5.96031312,122572388.80800001,1,10,0.05618021125524833,1,1,1,KRW-BTC,2026-04-18 10:17:18.106000
0.6443057959003253,0.6872340425531915,0.15617871056048854,940,7.66835914,113265246.18,1,10,0.05506583029885783,1,1,1,KRW-BTC,2026-04-18 10:17:42.246000
0.6984817455481408,0.7090012330456227,0.023653088042049936,811,8.637687,565056393.74848,0,10,0.017084609077406884,1,0,0,KRW-BTC,2026-04-18 10:27:03.677000
0.4845931846522581,0.4911242603550296,-0.0928610850730186,845,5.17339417,119692274.60775,1,11,0.021737419878943842,0,1,1,KRW-BTC,2026-04-18 11:04:36.336000
0.775205522374364,0.8161648177496038,0.13064330869523286,631,4.67988409,102105722.088,1,11,0.046058794588827355,1,1,1,KRW-BTC,2026-04-18 11:15:39.506000
0.5920146494322946,0.7153419593345656,0.04922038427057149,541,3.37147388,113830000.0,1,17,0.029962183955912568,1,1,0,KRW-BTC,2026-04-18 17:03:59.916000
0.6209723880310328,0.6673387096774194,0.02650083035935126,496,4.63930988,148192853.71485,1,18,0.015762350494682643,1,1,0,KRW-BTC,2026-04-18 18:38:12.506000
0.5106830903338819,0.6244897959183674,-0.1810858081727117,735,5.1593877,107477798.47999999,0,19,0.07496145634340577,0,0,0,KRW-BTC,2026-04-18 19:06:30.187000
0.6411402552004335,0.6032831737346102,-0.1540722900100944,731,13.03942269,108754046.75688,1,19,0.0452215388150014,0,0,0,KRW-BTC,2026-04-18 19:30:03.686000
0.7110520948878842,0.6260387811634349,-0.21798848028356227,1083,19.20461794,101387741.2,1,19,0.06266602387072251,1,1,0,KRW-BTC,2026-04-18 19:34:16.826000
0.7250130034997817,0.6269621421975993,-0.2153377168885029,1083,20.074597100000002,100007103.69396,1,19,0.06267126266845381,0,1,0,KRW-BTC,2026-04-18 19:34:18.638000
0.6276257880503409,0.6192307692307693,0.005326988298382371,520,6.87403872,146082534.4,0,19,0.05238096553310301,1,0,0,KRW-BTC,2026-04-18 19:47:34.336000
0.2999294275099603,0.6085594989561587,-0.14202023788389845,958,12.0198734,113343750.0,1,19,0.059473446556094794,0,0,0,KRW-BTC,2026-04-18 19:56:24.906000
0.5675820312743343,0.6941176470588235,-0.1563374401520737,1530,19.45071765,121199373.37599999,0,20,0.036029867410613516,0,0,0,KRW-BTC,2026-04-18 20:02:43.026000
0.549763689668122,0.7046523784631469,-0.30771146269665517,1913,22.69255895,127460054.10000001,1,20,0.0987171997722514,1,1,1,KRW-BTC,2026-04-18 20:09:01.666000
0.3282213074801519,0.5579641847313855,-0.2581173454856166,1061,11.89180827,242146916.89194003,1,20,0.12331365341982053,0,1,1,KRW-BTC,2026-04-18 20:44:14.146000
0.4304954597374434,0.5592417061611374,-0.25811964290482503,1055,13.99492925,560310000.0,1,20,0.12277767106029887,0,1,1,KRW-BTC,2026-04-18 20:44:19.056000
0.5719243212263249,0.5205741626794258,-0.22970085470085472,1045,21.89189644,134474400.0,1,20,0.06649693853472081,1,1,1,KRW-BTC,2026-04-18 20:48:12.456000
0.7316062529606457,0.72,0.08348060852035061,825,8.76807069,111405120.0768,1,21,0.05624055618535966,0,1,0,KRW-BTC,2026-04-18 21:47:49.586000
0.799265394193909,0.7530562347188264,0.12082552261480646,818,10.33636961,222501389.36354998,1,21,0.06782358243744098,1,1,0,KRW-BTC,2026-04-18 21:49:53.376000
0.37246561325991767,0.6171792152704135,-0.2477489477329639,943,6.72137002,127006824.373,0,22,0.07191151860159856,0,0,1,KRW-BTC,2026-04-18 22:39:42.846000
0.3188778157635087,0.6157112526539278,-0.25218889303283787,942,7.85175123,154416433.974,0,22,0.07195554763217209,0,0,1,KRW-BTC,2026-04-18 22:39:43.566000
0.49029107087166546,0.6603585657370518,0.41338144238050695,1004,8.38495196,102520587.66743,0,22,0.15461315522119712,0,0,0,KRW-BTC,2026-04-18 22:56:51.027000
0.3011723206541836,0.30673316708229426,0.07885596824496739,401,3.52728993,134075211.0,0,0,0.026993577617924838,1,1,0,KRW-BTC,2026-04-19 00:00:11.596000
0.1736101412938751,0.2961165048543689,0.07974199036007938,412,6.06971172,103059041.22873,0,0,0.026588691790827006,1,1,0,KRW-BTC,2026-04-19 00:00:13.317000
0.14919571364707343,0.3241758241758242,0.043381643367477934,546,9.16153985,287017872.21,0,0,0.03772277107879941,0,0,0,KRW-BTC,2026-04-19 00:07:45.666000
0.2526633387712928,0.5288888888888889,-0.1001622095960715,225,1.40623355,101994299.01888001,1,1,0.02977268983473388,1,1,0,KRW-BTC,2026-04-19 01:10:27.526000
0.3457925098426737,0.8288461538461539,0.007123395010061796,520,2.35750472,132230495.61179999,1,7,0.016857626302870896,0,1,1,KRW-BTC,2026-04-19 07:22:12.376000
0.6984936078647668,0.7942528735632184,0.017796602628558207,870,3.89096181,161306038.91034,1,9,0.028564255158644327,0,1,0,KRW-BTC,2026-04-19 09:03:18.315000
0.4071109756426046,0.6338495575221239,-0.2575717204014566,904,4.91953942,109595445.41,0,9,0.07041890354662461,0,0,0,KRW-BTC,2026-04-19 09:22:30.206000
0.45284756265535697,0.6548672566371682,-0.04096718172507459,791,3.32397778,217219783.31592,0,9,0.023507023192425685,1,0,1,KRW-BTC,2026-04-19 09:37:17.716000
0.22407685360424304,0.6788413098236776,-0.0329061463345221,794,5.9849996,162758535.97259998,0,10,0.03033247623552409,0,0,0,KRW-BTC,2026-04-19 10:20:27.856000
0.22001253874914756,0.4738255033557047,-0.20734518078186043,745,5.88357114,112140000.0,1,10,0.06836612956279053,0,0,0,KRW-BTC,2026-04-19 10:32:24.455000
0.7034135681590914,0.7832244008714597,-0.04460303300624443,918,6.92676166,106852885.69500001,1,10,0.02166026832141991,1,1,1,KRW-BTC,2026-04-19 10:53:21.268000
0.6632128063622099,0.7628676470588235,0.024976807250410335,544,3.04206623,501754885.0392,1,11,0.011341738897872093,1,1,1,KRW-BTC,2026-04-19 11:15:07.006000
0.8264185983535309,0.7633228840125392,0.029472180048227208,638,6.81991968,158471053.28666,1,11,0.021464076477882683,0,1,0,KRW-BTC,2026-04-19 11:40:30.746000
0.8854772681806998,0.7694805194805194,0.058961737405862226,616,9.47976049,107352424.87436,1,11,0.02207665056526921,1,1,0,KRW-BTC,2026-04-19 11:41:17.716000
0.937618164524551,0.8762278978388998,0.11507582515611062,509,4.80157019,106685930.00741,1,13,0.04034788621094667,0,1,0,KRW-BTC,2026-04-19 13:17:09.295000
0.462573571392045,0.6696914700544465,-0.0712472725653471,551,3.30138835,114196955.16809998,0,15,0.028225758815085638,0,0,0,KRW-BTC,2026-04-19 15:04:17.725000
0.13578683776629055,0.4574468085106383,-0.15617748902295364,1222,9.02679583,158758697.26572,0,16,0.060452715096209544,1,0,0,KRW-BTC,2026-04-19 16:11:44.536000
0.21569665662455345,0.45584415584415583,-0.12958461428469292,770,8.16482549,107726613.345,0,16,0.0370724136493816,0,0,1,KRW-BTC,2026-04-19 16:19:17.955000
0.18501994048093218,0.4604409857328145,-0.12423026392228012,771,9.6804347,279063932.7,0,16,0.03845353227132495,0,0,1,KRW-BTC,2026-04-19 16:19:31.986000
0.32107367476065507,0.436289500509684,-0.2592109261874542,981,15.23466388,311683161.51348,1,16,0.08110798467671397,0,0,1,KRW-BTC,2026-04-19 16:22:39.176000
0.42755943492850773,0.4369918699186992,-0.2690430647669783,984,18.07880493,133905600.0,1,16,0.0814017603851632,0,0,1,KRW-BTC,2026-04-19 16:22:39.595000
0.6928869299628441,0.7579617834394905,0.03666738212778135,471,5.85450544,248466835.53000003,0,17,0.03181013514758619,0,0,0,KRW-BTC,2026-04-19 17:00:44.675000
0.33303135226305347,0.6151685393258427,-0.08958165367732689,356,2.86390662,158644672.9738,0,18,0.024674483175803986,0,0,0,KRW-BTC,2026-04-19 18:47:57.006000
0.6385247761681053,0.5495750708215298,0.006270715757412881,353,2.85311896,102314801.43528001,1,19,0.009604778225067147,1,1,1,KRW-BTC,2026-04-19 19:50:45.806000
0.4887078667627775,0.49137931034482757,-0.1855155190866928,580,5.80578946,163929770.83607998,1,20,0.09394178835222516,1,1,1,KRW-BTC,2026-04-19 20:25:47.685000
0.5075499324872405,0.5711645101663586,-0.26507620941020543,541,190.48982863999998,102102096.58940999,0,22,0.14988853791801032,0,0,0,KRW-ETH,2026-03-27 22:52:53.317000
0.6942259831663314,0.38448275862068965,0.2311756935270806,580,147.38928839,105299506.9179,1,0,0.0879250415261401,1,1,0,KRW-ETH,2026-03-28 00:34:30.852000
0.48163530632552665,0.6024096385542169,-0.19913707268503153,249,104.53430614,226580083.72614,0,2,0.05143858764253681,1,1,1,KRW-ETH,2026-03-28 02:57:25.121000
0.4340406186025434,0.6941489361702128,-0.19847833278200464,376,76.66524844,504385418.73559,0,10,0.0830286531875132,1,1,1,KRW-ETH,2026-03-28 10:37:15.537000
0.36497896026549204,0.7295081967213115,0.13249420337860218,488,368.10380545,816176324.6869,1,10,0.0362386830084479,1,1,1,KRW-ETH,2026-03-28 10:46:11.420000
0.48281977481696764,0.5596330275229358,-0.06629101756711965,327,84.57840043,120560000.0,0,11,0.06037373193229626,0,0,1,KRW-ETH,2026-03-28 11:34:32.717000
0.8206867712210821,0.7647058823529411,0.16539861065167052,170,28.51206044,121254954.50807999,1,14,0.0643077140646713,0,0,1,KRW-ETH,2026-03-28 14:27:12.677000
0.8588278807134854,0.7864077669902912,0.1654533421575116,206,74.28966401,117566581.77441,1,19,0.038910212015967,0,0,1,KRW-ETH,2026-03-28 19:55:53.408000
0.7398069337439096,0.7208976157082749,1.6469038208168645,713,407.57250067,175500697.20806,0,22,0.702478306351983,0,0,0,KRW-ETH,2026-03-28 22:40:27.308000
0.5131709060250902,0.625,-0.09771986970684039,136,64.73684912,108625380.1833,0,23,0.04763902292165075,0,1,0,KRW-ETH,2026-03-28 23:36:16.929000
0.5077744603806046,0.6476683937823834,0.2980132450331126,386,130.72269469,100311664.15608001,1,22,0.08327157397274976,1,0,0,KRW-ETH,2026-03-29 22:21:10.847000
0.5934398946326097,0.7154471544715447,-0.256986829424992,246,53.25651299,155250000.0,0,19,0.06644090738408921,1,0,1,KRW-ETH,2026-03-30 19:32:22.716000
0.7096374164464292,0.7156398104265402,-0.2553463134375997,211,91.68201548,104195623.4375,1,1,0.09526975856482696,1,1,0,KRW-ETH,2026-03-31 01:58:21.946000
0.35388536024661554,0.6033898305084746,0.12970168612191957,590,195.30719839,121792037.89664,0,9,0.04654469343335473,1,0,1,KRW-ETH,2026-03-31 09:36:35.156000
0.7050510274957498,0.6711111111111111,0.22587931590835753,450,193.43367386,103383479.25914,1,10,0.11331571305465205,0,0,1,KRW-ETH,2026-03-31 10:01:10.856000
0.5241088977351058,0.6558139534883721,0.25624599615631005,215,97.81168854,148889757.125,0,16,0.0665010571798824,0,1,1,KRW-ETH,2026-03-31 16:42:12.196000
0.37760066766900385,0.543046357615894,-0.29069767441860467,604,373.75211526,196232756.60832,1,18,0.1022020130289515,1,1,0,KRW-ETH,2026-03-31 18:30:20.398000
0.5311906822665626,0.7188498402555911,0.0,313,134.36779132,284742546.25,0,22,0.05211220711082011,1,1,1,KRW-ETH,2026-03-31 22:01:07.606000
0.6365680356772606,0.7017364657814096,-0.3789074834227976,979,369.92861196,104456953.828,0,23,0.17570955339637023,0,1,1,KRW-ETH,2026-03-31 23:05:58.686000
0.29720187694823813,0.6574074074074074,-0.1889763779527559,108,41.51297738,106541992.02239999,0,3,0.08627053478935132,1,1,1,KRW-ETH,2026-04-01 03:56:33.108000
0.5941272681123274,0.646875,-0.12590494176896444,320,92.97132203,103319351.90463999,0,7,0.05369732367747191,0,0,0,KRW-ETH,2026-04-01 07:30:07.096000
0.5605718012015795,0.7429305912596401,0.18867924528301888,389,116.97987341,194291987.99688,1,8,0.07309344976044799,0,0,0,KRW-ETH,2026-04-01 08:56:32.716000
0.49422585117033924,0.6415094339622641,0.6293266205160478,636,364.53697196,167489445.49078,1,9,0.1618852716306453,0,0,0,KRW-ETH,2026-04-01 09:58:45.936000
0.44546712117302395,0.5236559139784946,0.40637699281025325,930,542.3219453,122585057.04497,0,14,0.18897927321062616,0,1,0,KRW-ETH,2026-04-01 14:31:08.186000
0.4066509281212635,0.35668789808917195,-0.062266500622665005,471,202.66064585,112633422.71618,0,14,0.04492703924311704,0,1,1,KRW-ETH,2026-04-01 14:46:23.506000
0.5501178980489043,0.6361185983827493,0.21766169154228857,371,206.96826625,170855212.37408,1,17,0.0748438425201594,0,0,0,KRW-ETH,2026-04-01 17:38:55.156000
0.509708605829532,0.5223529411764706,-0.12414649286157665,425,125.12465622,119039022.5406,0,22,0.10224731030670339,1,0,0,KRW-ETH,2026-04-01 22:37:34.136000
0.46759304956148867,0.5607692307692308,-1.0782501540357363,1300,723.50752649,123878774.50000001,1,10,0.3967089351615216,0,0,0,KRW-ETH,2026-04-02 10:18:13.667000
0.5566295442766096,0.5791009924109749,-1.2919101814826206,1713,938.6905853,103483472.68827,0,10,0.5868437851625452,0,0,0,KRW-ETH,2026-04-02 10:19:37.366000
0.49825774698844305,0.5570796460176991,-1.1111111111111112,2260,1337.02072207,109782498.2444,0,10,0.35563160044222075,1,1,0,KRW-ETH,2026-04-02 10:24:18.107000
0.4812079983353758,0.5767511177347243,-0.2509410288582183,1342,659.43994781,148597505.5494,1,10,0.2651187237867366,1,0,0,KRW-ETH,2026-04-02 10:45:24.756000
0.32764277050229057,0.3627684964200477,-0.914826498422713,838,453.0484839,170725353.12980002,0,11,0.3046311002217016,1,1,1,KRW-ETH,2026-04-02 11:44:59.857000
0.615670123479896,0.6499133448873483,-0.0957548675390999,577,251.10154442,116454854.0558,0,13,0.10238224074754104,0,0,0,KRW-ETH,2026-04-02 13:20:16.027000
0.32983581429993336,0.45979899497487436,0.1926782273603083,398,235.89977905,156622352.9208,0,23,0.09969125790035314,1,0,1,KRW-ETH,2026-04-02 23:22:54.392000
0.44958231684771155,0.6857142857142857,-0.06383657835939993,280,66.18976021,125053721.12369001,0,8,0.06197435636771689,0,0,0,KRW-ETH,2026-04-03 08:14:46.179000
0.4321252416250302,0.6533333333333333,-0.09584664536741214,300,111.81328597,124928730.6036,1,9,0.032935359835962935,0,0,0,KRW-ETH,2026-04-03 09:01:54.104000
0.702868616752465,0.8178294573643411,0.3531300160513644,258,79.37777522,118951690.30164,1,10,0.1269470468390032,1,0,0,KRW-ETH,2026-04-03 10:30:50.973000
0.2893534172309111,0.3900709219858156,0.03197953309881676,282,125.80294867,113300791.03419001,0,14,0.04756243361540617,0,0,0,KRW-ETH,2026-04-03 14:44:04.676000
0.91625555022697,0.8324607329842932,0.2578150177247825,382,137.4784776,100933806.77244,0,22,0.08422001023049065,1,0,0,KRW-ETH,2026-04-03 22:22:58.026000
0.8517168805326639,0.8723404255319149,0.06412311638345623,141,22.4096839,106609147.5696,0,15,0.017225518608939835,1,1,0,KRW-ETH,2026-04-04 15:17:10.496000
0.23582870531229144,0.4440104166666667,-0.5460970125281079,768,349.11219164,100369226.38391998,0,15,0.15191203683756418,1,0,1,KRW-ETH,2026-04-05 15:10:06.378000
0.5470429588972738,0.7069182389937106,0.22158911047799934,795,352.27856285,123186595.52228001,0,8,0.19251131163694674,0,1,1,KRW-ETH,2026-04-06 08:12:49.625000
0.5139221460406495,0.7097649186256781,0.6263701847792045,1106,601.04973603,102712079.3706,0,9,0.37177668625125154,0,0,0,KRW-ETH,2026-04-06 09:02:04.677000
0.6126733347692184,0.6537102473498233,-0.031240237425804434,283,113.79127045999999,406505151.27005,0,13,0.03579572828522497,0,1,1,KRW-ETH,2026-04-06 13:27:44.817000
0.6160134242420755,0.6599326599326599,0.3431066749844042,297,178.2639412,650670093.93146,1,16,0.14820323981344494,0,0,0,KRW-ETH,2026-04-06 16:53:09.127000
0.5419613302222108,0.6850393700787402,0.062344139650872814,254,127.3596848,135040916.06555998,0,17,0.06588742005813707,1,1,1,KRW-ETH,2026-04-06 17:17:04.316000
0.8212439628963051,0.6770428015564203,0.09267840593141798,257,102.61201876,100955584.5372,1,19,0.039534749993519976,1,0,0,KRW-ETH,2026-04-06 19:37:27.856000
0.49355706313398034,0.6686274509803921,-0.09299442033477992,510,107.36481141,108060199.313,1,22,0.06321460940599227,0,0,1,KRW-ETH,2026-04-06 22:04:08.418000
0.6083417331044461,0.6666666666666666,-0.12399256044637322,513,142.22723898,101499336.31396,0,22,0.06305630127124534,1,1,1,KRW-ETH,2026-04-06 22:04:09.249000
0.684912704989793,0.7248677248677249,0.09290802105915144,567,202.41515248,169415760.00141,0,23,0.15611785218343355,0,0,1,KRW-ETH,2026-04-06 23:01:42.696000
0.5409157204380031,0.6963350785340314,-0.1547029702970297,573,271.66841047,205813521.48266,0,23,0.16148193625695617,0,0,1,KRW-ETH,2026-04-06 23:02:46.716000
0.5820716999322999,0.631578947368421,0.49489638107021344,342,158.07840193,100032217.77014999,1,0,0.08899866187705414,0,0,1,KRW-ETH,2026-04-07 00:02:18.339000
0.7436838346311827,0.6862745098039216,0.0,255,217.4643646,151530757.59458,1,1,0.0998618100227943,1,0,0,KRW-ETH,2026-04-07 01:14:46.235000
0.5975219348509474,0.5919629057187017,0.0,1294,695.26919819,129314844.79677,1,8,0.17396664683057908,0,0,0,KRW-ETH,2026-04-07 08:10:07.664000
0.24349564652759342,0.5633802816901409,-0.12543116964565695,142,67.09044653,239870139.27968,0,12,0.03211095613630705,1,1,0,KRW-ETH,2026-04-07 12:42:37.692000
0.5558375011470666,0.6479289940828402,0.031535793125197095,338,85.884212,119283217.64840001,1,15,0.05824824383838943,1,0,1,KRW-ETH,2026-04-07 15:26:50.658000
0.6197726679835743,0.5833333333333334,-0.19005384859043395,324,202.58466161,118958997.99525999,1,20,0.0520864444373671,0,0,0,KRW-ETH,2026-04-07 20:40:05.717000
0.6233232729495932,0.6199095022624435,0.6660323501427212,221,79.81598967,189956697.97182,1,4,0.2840421060633121,1,1,1,KRW-ETH,2026-04-08 04:46:53.866000
0.40972549407997194,0.6587301587301587,0.7458048477315102,1008,555.37449598,110194000.0,0,7,0.23683479813578306,0,0,1,KRW-ETH,2026-04-08 07:08:51.877000
0.6100560077154223,0.6228373702422145,0.8335906143871564,1445,799.2511438,125589774.97924,0,7,0.29409658470805294,1,1,1,KRW-ETH,2026-04-08 07:35:06.847000
0.5482082121626438,0.5726744186046512,1.2658227848101267,2064,1279.86949457,281072653.35359997,1,7,0.3398576922479504,0,0,1,KRW-ETH,2026-04-08 07:38:00.920000
0.5687953721137406,0.5635933806146572,1.3584439641864774,2115,1386.05213651,149850074.94996,1,7,0.34856490992678657,0,0,1,KRW-ETH,2026-04-08 07:38:04.256000
0.5582965723519518,0.5147884687383003,0.9570855202222908,2671,1887.25771223,127077588.99270001,1,7,0.33146358030922274,0,0,1,KRW-ETH,2026-04-08 07:40:19.446000
0.5548865112567241,0.5113759479956663,0.8641975308641975,2769,2049.94674051,216401295.6707,1,7,0.3072978369542987,0,0,1,KRW-ETH,2026-04-08 07:41:28.964000
0.607936326563745,0.6148382004735596,1.4041514041514043,2534,1469.6259345,113178212.83933999,0,8,0.5395170605920434,1,0,1,KRW-ETH,2026-04-08 08:00:53.019000
0.5705853691298676,0.6092353525322741,0.44923629829290207,2014,1202.98999226,112511706.34548001,1,8,0.419306935527293,1,1,1,KRW-ETH,2026-04-08 08:23:01.782000
0.5982969209503031,0.623725671918443,1.4470907446487788,2158,1389.43779977,194690236.66487998,1,8,0.4708075658171411,1,1,0,KRW-ETH,2026-04-08 08:27:34.068000
0.6652024404641056,0.654275092936803,0.09025270758122744,269,118.4926454,101617753.46138,0,13,0.05108999271724098,0,1,0,KRW-ETH,2026-04-08 13:34:36.229000
0.4128779673187448,0.4363256784968685,-1.0268800966475387,958,531.87778653,115594090.92631,0,23,0.27772112738555865,1,1,0,KRW-ETH,2026-04-08 23:32:52.886000
0.4152582645495862,0.5633971291866029,-0.3953771289537713,836,353.52267493,573295900.7412,1,23,0.22334969794113535,0,0,1,KRW-ETH,2026-04-08 23:48:50.092000
0.7636460966408162,0.5525291828793775,-0.3050640634533252,257,181.28973547,352963283.78172,1,4,0.10527309045420151,0,1,1,KRW-ETH,2026-04-09 04:00:22.616000
0.6229174310737309,0.8406593406593407,0.12172854534388314,182,29.59054723,648561866.78949,1,6,0.022071366434071635,0,0,1,KRW-ETH,2026-04-09 06:00:01.849000
0.49683926830767006,0.6781376518218624,-0.2144607843137255,494,143.87823545999998,200827471.47751,1,9,0.07516465735644572,0,0,0,KRW-ETH,2026-04-09 09:28:08.376000
0.4948241122537145,0.5263157894736842,-0.03078817733990148,247,99.29612169,128919106.94096,1,11,0.08475846309039439,1,1,1,KRW-ETH,2026-04-09 11:21:02.477000
0.3262699550412793,0.5483870967741935,-0.06134969325153375,155,54.0525515,187169932.51776,0,18,0.031841546063719584,1,1,1,KRW-ETH,2026-04-09 18:45:05.300000
0.3569767883694748,0.4638655462184874,-0.5237215033887862,595,251.47842943,357297358.54416,0,22,0.15722215135453294,1,1,1,KRW-ETH,2026-04-09 22:42:20.956000
0.7428677315969828,0.6807228915662651,0.9196811771919068,664,472.52726705,107585585.28115,1,0,0.46917091482062967,0,0,1,KRW-ETH,2026-04-10 00:35:26.432000
0.6252793997541076,0.5393617021276595,0.36607687614399026,940,661.41810096,173307116.479,1,0,0.16980623680848456,0,1,1,KRW-ETH,2026-04-10 00:43:53.547000
0.5207694958652417,0.45885286783042395,-0.15188335358444716,802,655.19784394,121340048.48204,0,0,0.15728813805930447,1,1,0,KRW-ETH,2026-04-10 00:45:30.251000
0.35310556736469384,0.4945054945054945,-0.2724795640326975,364,177.63043642,100260954.46962,1,1,0.15886627806328324,0,0,0,KRW-ETH,2026-04-10 01:13:00.076000
0.5786150150078777,0.7971360381861575,-0.2733070148800486,419,180.88894151,151064000.0,1,2,0.14189467212948137,0,0,1,KRW-ETH,2026-04-10 02:24:52.686000
0.37535843563195825,0.6736842105263158,0.0,95,22.29754826,129870027.47367999,1,3,0.0729100380035804,0,0,1,KRW-ETH,2026-04-10 03:43:00.956000
0.7107790448667975,0.9155405405405406,0.18337408312958436,296,26.968112689999998,200626744.6161,1,4,0.051059295626959066,1,1,0,KRW-ETH,2026-04-10 04:07:42.126000
0.7379191488582422,0.6926406926406926,-0.06140620202640467,231,52.11668112,115147778.73584999,0,12,0.037893699609725745,0,0,0,KRW-ETH,2026-04-10 12:22:15.016000
0.23921226504148801,0.4981132075471698,-0.24562480810561868,265,79.00826409,124837980.97456,0,16,0.07054906140580025,0,0,1,KRW-ETH,2026-04-10 16:51:39.176000
0.7274757452331773,0.7219512195121951,0.15360983102918588,205,135.24178062,179300000.0,1,17,0.06817278768592024,0,1,0,KRW-ETH,2026-04-10 17:37:32.596000
0.3785763026966001,0.5409309791332263,0.24198427102238357,623,424.08906497,124023092.78544,0,21,0.16797364214608979,1,0,0,KRW-ETH,2026-04-10 21:42:22.380000
0.31731661271810163,0.531502423263328,0.36330608537693004,619,478.42368372,134556300.4422,1,21,0.17323693271552731,0,0,0,KRW-ETH,2026-04-10 21:42:32.730000
0.38180112561306945,0.45707656612529,-0.30175015087507545,431,204.00765055,608162349.39408,0,21,0.12109620560757306,1,1,1,KRW-ETH,2026-04-10 21:58:43.627000
0.8135029739533295,0.8042959427207638,0.0,419,243.67223209,110810990.90927999,0,22,0.04285126544178073,0,1,0,KRW-ETH,2026-04-10 22:17:45.118000
0.4335455981529091,0.4675324675324675,-0.2098950524737631,462,346.89598397,106533831.34271999,1,0,0.09896162521709723,1,0,0,KRW-ETH,2026-04-11 00:02:42.446000
0.8392599634133207,0.8508997429305912,0.0,389,93.17026516,151736460.49652,1,8,0.033869053184425464,1,1,1,KRW-ETH,2026-04-11 08:14:02.186000
0.7716173565418463,0.7640750670241286,0.09017132551848511,373,136.44910008,184621645.4442,0,8,0.05961104311211097,0,1,1,KRW-ETH,2026-04-11 08:18:45.186000
0.721493062800987,0.7547169811320755,0.029256875365710942,530,235.92827164,119976924.43066,1,5,0.08613302394771429,1,0,0,KRW-ETH,2026-04-12 05:16:19.829000
0.43689731804821286,0.6496350364963503,-0.1169248757673195,411,249.4459042,148861646.7772,0,5,0.13740235246588695,0,0,0,KRW-ETH,2026-04-12 05:26:51.425000
0.48650398934685973,0.5823223570190641,-0.5858230814294083,577,512.9562219000001,175232546.38959998,1,5,0.2450979651351565,1,1,1,KRW-ETH,2026-04-12 05:36:16.324000
0.4852867526058957,0.5132152192855068,-1.7883755588673622,3443,1879.87303748,107401043.55872,1,10,0.4318137585431466,1,1,1,KRW-ETH,2026-04-12 10:49:50.544000
0.5580919812001591,0.5891163255117324,0.12110202845897669,2003,1462.93114858,225072107.94401997,1,10,0.15054008734680463,0,0,1,KRW-ETH,2026-04-12 10:58:50.964000
0.46585628021455694,0.507213363705391,-0.3946569520340012,1317,679.40616272,132901498.39999999,1,20,0.15651180145902283,0,1,1,KRW-ETH,2026-04-12 20:03:23.034000
0.4366416176771599,0.49619771863117873,-0.21478981282602025,526,272.4095752,130310545.69452,1,23,0.07252072131028937,1,1,1,KRW-ETH,2026-04-12 23:50:53.054000
0.5091766061808902,0.6065934065934065,-0.12228676245796392,455,97.23230645,106565327.33418001,1,8,0.09510401634013897,1,1,1,KRW-ETH,2026-04-13 08:33:17.577000
0.11072921705767189,0.4427767354596623,-0.4858791375645309,533,201.11772803,113140933.34688,0,11,0.13588984429230086,1,1,1,KRW-ETH,2026-04-13 11:13:08.377000
0.615326644233802,0.6473029045643154,-0.0916030534351145,241,70.44287061,109840242.38718,1,14,0.03429815649369151,0,0,0,KRW-ETH,2026-04-13 14:08:13.916000
0.7002641372460237,0.5826446280991735,0.15299877600979192,242,121.36260535,129539913.0387,1,15,0.03879649354488734,0,1,1,KRW-ETH,2026-04-13 15:01:12.196000
0.3582702392979568,0.3933649289099526,-0.366412213740458,422,190.97890984,157139201.20444,1,16,0.13394787107763637,0,0,1,KRW-ETH,2026-04-13 16:24:21.656000
0.7185002128647121,0.7579908675799086,0.15001500150015,219,69.86942849,100140000.0,1,5,0.054454662338957294,0,0,1,KRW-ETH,2026-04-14 05:27:06.916000
0.6855554404585583,0.637312755333636,0.3793405310767435,2203,1257.85368567,126466688.84960002,0,7,0.19197000014962673,1,1,1,KRW-ETH,2026-04-14 07:30:40.376000
0.6933348050081803,0.6760828625235404,0.7299270072992701,2124,1414.63939504,125489950.72200002,0,7,0.21929346952995243,1,1,1,KRW-ETH,2026-04-14 07:39:07.277000
0.6917809684550449,0.6837366347777153,0.08698173383589447,1777,1152.95238347,109201350.51987,0,7,0.0845549092618327,0,1,1,KRW-ETH,2026-04-14 07:42:33.249000
0.6882751988326867,0.7498228206945429,0.14438348252959862,1411,749.27987856,149070044.61324,0,8,0.09229023475616846,0,1,1,KRW-ETH,2026-04-14 08:17:31.210000
0.7193658438089121,0.7323485967503692,1.2384792626728112,3385,2004.37803012,100810752.0,0,8,0.3099502503757561,0,0,0,KRW-ETH,2026-04-14 08:29:29.266000
0.6498688392445998,0.6162489196197062,-0.14306151645207438,1157,687.5351452,197834445.5844,0,9,0.05984031400000313,0,0,0,KRW-ETH,2026-04-14 09:05:57.986000
0.6507705522180761,0.6675730795377295,-0.22876751501286818,1471,941.38270257,100036608.0,1,9,0.1026748686567279,1,0,1,KRW-ETH,2026-04-14 09:07:42.826000
0.42149298221113934,0.6987740805604203,-0.05730659025787965,571,122.68316147,113050116.55775999,1,14,0.02620399039148068,0,0,0,KRW-ETH,2026-04-14 14:14:07.678000
0.6180892125153393,0.6640866873065016,-0.14326647564469913,646,371.28200165,103249398.0,1,14,0.0455454575781435,1,1,0,KRW-ETH,2026-04-14 14:19:53.408000
0.7196220575732584,0.6981757877280266,0.1722158438576349,603,369.47239228,132258118.2234,0,14,0.10869105054988591,1,1,0,KRW-ETH,2026-04-14 14:26:47.566000
0.5272232315662516,0.6035502958579881,0.2,676,339.50007891,124999999.98376,1,16,0.06362000809312134,1,1,0,KRW-ETH,2026-04-14 16:04:15.326000
0.6025432397384326,0.606508875739645,0.1999428734647244,676,402.43498976,236240920.12240002,1,16,0.06320228293042116,1,1,0,KRW-ETH,2026-04-14 16:04:22.056000
0.583770303606329,0.5759398496240602,0.19982871824150727,665,422.02393619000003,267168551.38853002,0,16,0.05995097987928885,1,1,0,KRW-ETH,2026-04-14 16:05:07.937000
0.5090860099973502,0.5979274611398964,0.456490727532097,965,690.06642666,298204172.36190003,0,16,0.16366967256237022,0,0,0,KRW-ETH,2026-04-14 16:10:09.404000
0.4067406799926481,0.5601233299075026,0.17098888572242804,973,599.29930366,105871929.45745,1,16,0.08553495694015509,0,0,0,KRW-ETH,2026-04-14 16:16:00.856000
0.7227105705696386,0.6295133437990581,-0.25604551920341395,637,283.6598497,100524032.0,1,16,0.10139921406290371,0,0,1,KRW-ETH,2026-04-14 16:34:18.166000
0.5695479204545945,0.6248904469763366,0.512236767216847,1141,572.06099559,101269504.0,0,17,0.1527365581681942,0,0,0,KRW-ETH,2026-04-14 17:38:48.476000
0.6040487413160194,0.5813953488372093,0.1142204454597373,430,105.90571347,100524032.0,1,22,0.06022819582802206,1,1,1,KRW-ETH,2026-04-14 22:02:35.548000
0.3537819844402286,0.4811688311688312,-0.14184397163120568,1540,504.93412105,100925440.0,0,23,0.05002225383125254,0,0,1,KRW-ETH,2026-04-14 23:00:51.257000
0.3211281019590895,0.47378516624040923,-0.0851305334846765,1564,555.26305773,111652650.56,0,23,0.05052345022160489,0,0,1,KRW-ETH,2026-04-14 23:00:53.066000
0.5869341787054568,0.5172413793103449,0.2844950213371266,667,363.27650614,101068800.0,1,23,0.10599167426724854,0,1,0,KRW-ETH,2026-04-14 23:27:06.727000
0.7780784437490739,0.671578947368421,0.8245663918112027,950,601.71874329,134202986.892,1,23,0.270984708334181,0,0,0,KRW-ETH,2026-04-14 23:31:02.456000
0.32515863697395136,0.39767054908485855,-0.8620689655172413,1803,1045.3726098,131460619.116,0,0,0.21385714430836472,1,1,1,KRW-ETH,2026-04-15 00:09:19.309000
0.45634463558521404,0.6068181818181818,0.20390329158170697,440,97.18149484,179815491.66,1,8,0.05735481588100004,0,0,1,KRW-ETH,2026-04-15 08:05:59.266000
0.6049181651334586,0.5301724137931034,0.028868360277136258,464,192.05710329000001,101223690.94875999,1,23,0.08556141338862895,0,0,0,KRW-ETH,2026-04-15 23:31:52.687000
0.27585306105448276,0.3784355179704017,0.1724633515377982,473,231.11108879,156252057.7754,0,12,0.06471325869616146,0,0,0,KRW-ETH,2026-04-16 12:27:25.139000
0.4893443508737231,0.6401766004415012,0.17346053772766695,453,161.97655705,100586407.383,0,17,0.08230074980601967,0,0,0,KRW-ETH,2026-04-16 17:35:07.496000
0.5362438395680114,0.6105263157894737,-0.08698173383589447,380,79.19522708,103380000.0,1,20,0.03096706055109879,1,1,1,KRW-ETH,2026-04-16 20:24:28.806000
0.4502345782725803,0.40431266846361186,-0.08675534991324466,371,126.06550733,108084584.99035001,1,21,0.04831481435062095,1,1,0,KRW-ETH,2026-04-16 21:34:22.356000
0.3949474998501699,0.45634266886326197,0.058496636443404505,1214,491.52390743,100030844.016,0,23,0.1527754983156217,1,0,0,KRW-ETH,2026-04-16 23:12:23.316000
0.4765250412600698,0.46630727762803237,0.3805620608899297,371,250.35459524,251242677.58095002,0,0,0.09918085540027514,0,1,1,KRW-ETH,2026-04-17 00:06:15.536000
0.35934428043245875,0.4448315911730546,-0.40369088811995385,861,262.55084763,141105013.07991,0,6,0.18234464354976537,0,0,1,KRW-ETH,2026-04-17 06:26:06.466000
0.5904336881489782,0.7463414634146341,0.028851702250432775,410,132.60266557,149480024.3107,1,9,0.03493454254164645,1,0,0,KRW-ETH,2026-04-17 09:41:06.488000
0.5675337269819607,0.6649746192893401,0.0872093023255814,197,56.67803701,142367259.97368,1,12,0.02331517260995228,0,0,0,KRW-ETH,2026-04-17 12:24:59.696000
0.5810846405510112,0.6936170212765957,0.02909514111143439,235,60.60455148,131179575.18114,1,13,0.022583585409843378,1,1,1,KRW-ETH,2026-04-17 13:18:32.977000
0.507866569003569,0.5878220140515222,-0.08746355685131195,427,171.80655249,308430000.0,1,15,0.03435723519423675,1,1,1,KRW-ETH,2026-04-17 15:04:42.608000
0.4927330980271814,0.6175972927241963,-0.40103122314523065,591,259.33420273,371295550.78068,0,19,0.12710115602630215,1,1,0,KRW-ETH,2026-04-17 19:13:52.269000
0.760042381272351,0.6396148555708391,0.516795865633075,727,383.2984454,100380672.0,0,21,0.2153467408702668,0,0,1,KRW-ETH,2026-04-17 21:50:27.427000
0.6480719696187128,0.6260869565217392,0.5453501722158438,805,475.49640864,364523396.26848,1,21,0.20820937679220222,0,0,1,KRW-ETH,2026-04-17 21:51:08.146000
0.2849872019043707,0.47172512526843235,-0.3136583974907328,1397,775.94083319,100237312.0,1,22,0.10131305168814847,0,1,1,KRW-ETH,2026-04-17 22:04:19.757000
0.6501207097761287,0.6456996148908858,0.7388462631429383,2337,1548.33072587,104622746.28845,1,22,0.20992394637345124,1,1,1,KRW-ETH,2026-04-17 22:18:51.246000
0.6508273668532149,0.6648914379352724,0.8505812305075136,2441,1594.50618176,111398042.19498,1,22,0.25487970225048096,1,1,1,KRW-ETH,2026-04-17 22:20:40.267000
0.6524075624159305,0.6497747747747747,0.935374149659864,2664,1796.22507315,170525000.9178,1,22,0.3296773171784174,1,1,1,KRW-ETH,2026-04-17 22:21:15.843000
0.6479761554117942,0.6733156028368794,0.5897219882055602,2256,1309.05049342,231861822.27933,1,22,0.32867158107889255,0,1,0,KRW-ETH,2026-04-17 22:55:15.921000
0.7015889970155723,0.6951351351351351,0.8986239820275204,2775,1597.32613318,638574465.99216,1,23,0.19888061985878092,1,0,0,KRW-ETH,2026-04-17 23:00:25.316000
0.5933385167022558,0.5855018587360595,0.16787912702853947,1076,627.52197057,221605340.1042,1,23,0.08016691333604599,0,0,1,KRW-ETH,2026-04-17 23:22:27.897000
0.6820487115786965,0.5961361545538179,0.22396416573348266,1087,700.69135672,103272723.34942,1,23,0.13333879895446119,0,0,1,KRW-ETH,2026-04-17 23:27:30.125000
0.6946322724754826,0.5965073529411765,0.251959686450168,1088,729.53043054,113763351.2285,1,23,0.13334691647062555,0,0,1,KRW-ETH,2026-04-17 23:27:30.149000
0.7573848189608405,0.7169663799843627,0.5305780508237923,1279,887.58164223,121175033.25600001,1,23,0.17709503623794057,0,0,0,KRW-ETH,2026-04-17 23:42:54.546000
0.7100280780561191,0.6654804270462633,0.36312849162011174,562,309.2077234,186683728.64862,1,0,0.09260137231782327,0,0,1,KRW-ETH,2026-04-18 00:36:56.537000
0.7585128970720016,0.7903225806451613,0.027995520716685332,248,66.76119795,289286331.30132,0,12,0.025702128124837735,0,0,0,KRW-ETH,2026-04-18 12:29:08.736000
0.4366057787079286,0.6172839506172839,0.02809778027535825,243,65.98173861,102072320.0,1,15,0.02459265983783623,1,1,1,KRW-ETH,2026-04-18 15:32:21.006000
0.2641480513573999,0.3512476007677543,-0.7321881160236553,1042,476.88208855,101068800.0,1,17,0.23947702937479148,1,0,0,KRW-ETH,2026-04-18 17:18:36.586000
0.347362510315256,0.42844827586206896,-0.4531294250920419,1160,609.71445926,125302710.89615001,1,17,0.22816289529150519,0,0,0,KRW-ETH,2026-04-18 17:39:35.846000
0.6523398339572561,0.522038567493113,-0.3977272727272727,726,431.28527613,138624394.1798,0,18,0.11725451232227134,1,1,1,KRW-ETH,2026-04-18 18:17:54.726000
0.4704939304262511,0.5193548387096775,0.028457598178713718,310,138.73502626,105669455.89665,0,18,0.026447824383617327,0,0,0,KRW-ETH,2026-04-18 18:52:54.216000
0.2613281598203592,0.4557823129251701,-0.28546959748786754,147,86.98323405,115330946.29413001,0,1,0.07835297312772956,1,1,1,KRW-ETH,2026-04-19 01:58:10.186000
0.26158662857534803,0.6074766355140186,0.057421762848119444,107,25.82627606,167280000.0,1,4,0.044591840709539685,1,1,0,KRW-ETH,2026-04-19 04:51:14.896000
0.2816289285357377,0.41195476575121165,-0.2869440459110474,619,247.80337193,211255290.4,1,10,0.09715777523552675,1,0,1,KRW-ETH,2026-04-19 10:32:07.716000
0.6492003336139,0.7368421052631579,0.17271157167530224,285,51.99492111,169915042.9944,1,13,0.05576933833289669,0,0,0,KRW-ETH,2026-04-19 13:13:42.036000
0.22577917121909286,0.2682445759368836,-0.7192174913693901,507,137.79605102,137644279.0065,0,13,0.16368935584345776,1,1,1,KRW-ETH,2026-04-19 13:40:11.731000
0.4795779873352228,0.458559256390395,-0.02909514111143439,1291,539.83215558,157486356.79572,1,16,0.08464771548632644,0,0,1,KRW-ETH,2026-04-19 16:32:23.926000
